state,name,pop2017,age_over_65_2017,speak_english_only_2017,hs_grad_2017,bachelors_2017,computer_2017,poverty_2017,uninsured_2017,unemployment_rate_2017,per_capita_income_2017,median_household_income_2017,,,,
Virginia,Arlington County,234965,9.8,70.5,93.9,74.1,94.9,8.2,7.8,2.49,65871.95,112138,,,,
Minnesota,Rice County,65968,14.4,87.9,90.4,26.8,87.4,11.5,5.3,3.18,31472.29,63311,,,,
Virginia,Northumberland County,12275,35.2,98,90.7,26.4,82,13.5,10.8,5.44,34346.23,56677,,,,
Tennessee,Weakley County,33337,17.2,98,84,20.8,80.5,20.5,9.6,4.86,20876.42,36550,,,,
Iowa,Grundy County,12333,20,98.3,95.2,26.3,84.6,5.8,3,2.95,35593.67,65170,,,,
Oregon,Curry County,22669,32.3,95.1,89.9,23.5,83.3,15.5,7.4,6.09,26155.87,42519,,,,
North Dakota,Dunn County,4289,15.9,91.6,90.1,23,84.6,10.6,18.4,2.12,42134.98,68594,,,,
Florida,Marion County,354353,28,88.5,86.8,19.4,83.5,17.6,13.5,4.96,22701.61,41964,,,,
Texas,Culberson County,2231,19.7,34.6,63.4,9,65.4,29.4,20.2,3.61,14536.42,33125,,,,
California,Humboldt County,136754,16.1,88.4,90.5,29.4,88.5,20.8,12.3,4.19,24853.5,43718,,,,
Florida,Charlotte County,182033,38.3,90.3,90,22.4,88.3,12,12.7,4.61,28366.37,46511,,,,
Kentucky,Clay County,20366,13.8,97.9,63,9.5,73.4,39.5,10.1,8.49,15821.29,24596,,,,
South Carolina,Jasper County,28458,15.9,87.4,78.8,14.8,76.1,22.6,18.5,3.64,18573.65,39740,,,,
South Carolina,Darlington County,67265,17.1,97.9,81.4,17.8,74.4,22.7,12.9,5.31,21061.13,36217,,,,
Tennessee,Wilson County,136442,14.7,94.8,90.7,29.7,89.4,9.2,7.3,2.92,30617.41,66123,,,,
Texas,Clay County,10421,21.4,94.6,89.4,17.9,81.9,15,15.8,3.56,27228.06,46863,,,,
Kentucky,Allen County,20933,16.5,93.3,79.5,14.4,76.7,20,11.5,4.08,20906.42,40598,,,,
Iowa,Montgomery County,10137,20.6,96.5,91.1,16.1,83.4,16.5,5,3.17,25509.22,43674,,,,
Washington,Snohomish County,801633,12.3,80,91.9,31.3,93.2,8.8,7.8,4.12,35213.06,78020,,,,
Texas,Reeves County,15281,12.8,37.3,62.3,9.5,72.8,13.2,19.7,3.54,18678.25,49390,,,,
Ohio,Logan County,45325,16.6,95.3,90.3,15.1,85.1,13.7,9.3,4.12,26762.24,53051,,,,
South Dakota,Beadle County,18157,16.5,83.4,83.2,19.6,83.2,23.7,7.1,2.87,26089.47,48995,,,,
Pennsylvania,Luzerne County,317343,19.1,89.1,89.2,22.8,80.8,15.2,6.6,5.91,27073.95,49290,,,,
Montana,Stillwater County,9419,20.2,96.7,95.3,25,85.7,6.5,8.7,3.86,31619.42,61998,,,,
Montana,Wibaux County,1020,25.7,96.4,84.2,22.7,72.8,10.8,10.9,3.25,24998.19,47132,,,,
Texas,Terrell County,810,31.2,47.4,80.9,17.3,59.8,17.1,12.6,4.86,20030,26063,,,,
California,Sonoma County,504217,17.4,74.4,87.7,33.8,91.8,10.7,8.4,3.36,37326.25,71769,,9.3,31147.442,730.06x + 37937
Minnesota,Polk County,31619,17.4,92.8,91.3,24.5,83.2,12.4,5.7,4.24,28700,55393,,,,
Texas,Crockett County,3564,14.2,49.1,75.4,8.9,78.4,20.9,22,4.09,23454.14,52310,,,,
Indiana,Harrison County,39898,16.6,98,89.2,16.6,84.9,12.9,7.8,3.44,24979.32,53897,,,,
Tennessee,Decatur County,11751,22.7,98.5,83.3,11.5,77.6,22.6,10.9,5.2,20804.94,36427,,,,
North Carolina,Caldwell County,81981,18.4,94.3,78.7,14.8,79.4,16.4,14,4.52,21558.57,40735,,,,
Mississippi,Hinds County,239497,12.6,97.1,86.3,28.6,82.3,23.9,13.5,4.81,22155.13,41011,,,,
Kentucky,Martin County,11452,14.1,97.4,72.6,8.2,71.5,29.8,12.4,7.3,15697.59,29239,,,,
Michigan,Lake County,12013,26.8,97.3,82.6,11.4,71.7,25,8.8,8.14,16999.6,32309,,,,
Michigan,Alpena County,28462,22,96.9,91,17.3,82,15,7.6,5.9,24247.27,40954,,,,
Connecticut,Windham County,116359,15.2,87.5,88.4,24.4,87.3,11.1,5.3,5.02,30299.2,62553,,,,
South Dakota,McCook County,5499,18.5,96.7,88.3,21.5,87.5,9.3,7.1,2.79,30600,60808,,,,
Maine,Somerset County,50626,19.5,97,87.7,16.6,81.2,17.8,11.3,4.81,22478.72,41549,,,,
Tennessee,Grundy County,13361,20.2,99.4,73.2,11,69.9,28.5,18.8,4.99,15595.91,31919,,,,
Oregon,Deschutes County,186875,18.5,93.6,93.5,33.7,93.3,12.1,10.7,4.21,30794.4,59152,,,,
Missouri,St. Francois County,66705,15.5,98.6,83.2,13.3,79.8,15.4,11.6,4.43,22700.83,42873,,,,
South Dakota,Clay County,13990,11.1,94.9,95,49.3,92.3,24.7,9,3.3,28735,41773,,,,
Arkansas,Garland County,98658,22.6,94.3,88.2,20.1,84.3,19.1,13.1,4.01,25211.3,41672,,,,
Texas,Goliad County,7562,21,85.6,89.6,17.6,76.6,16.4,10.9,4.93,28508.18,56737,,,,
New York,Saratoga County,229869,16.5,93.1,93.9,40.4,91.4,6.6,3.8,4.02,40203.35,77548,,,,
Texas,Hamilton County,8422,25.4,89.6,83.2,22.8,77.4,16.1,17.6,3.94,26669.32,46611,,,,
Nebraska,Valley County,4209,24.7,97.4,92.7,20.3,78.4,11.5,9,2.67,28900.93,50270,,,,
North Carolina,Montgomery County,27435,18.8,84.8,77.9,14,72.2,20.9,15.4,4.64,21720.99,38254,,,,
Wisconsin,Dunn County,44693,14.7,95.6,93.3,27.7,88.3,12.8,7,3.28,27727.35,54605,,,,
Louisiana,Iberia Parish,72176,13.7,87.8,78.5,12.7,79.5,20.4,13.9,7.27,23003.65,44504,,,,
Kentucky,McCreary County,17465,14.5,96.5,73.4,7.6,58.4,41,8.1,6.65,12195.98,19264,,,,
Idaho,Oneida County,4427,18.9,94.6,91,15.1,88,12.6,9.6,2.84,21077.32,43491,,,,
Michigan,Oakland County,1250836,15.5,85.4,93.7,45.7,91.9,9,5.8,3.44,40744.31,73369,,,,
Wyoming,Big Horn County,11906,20,94.1,90.5,19.2,86.7,13,16.3,4.13,22947.31,51716,,,,
Alabama,Barbour County,25270,17.4,94.3,73.1,12,73.4,27.2,12.3,5.9,17891.73,33368,,,,
Ohio,Tuscarawas County,92297,18.4,93.3,86.3,15.1,79.6,13.8,9.7,5.01,24659.6,49460,,,,
Iowa,Jefferson County,18422,19.1,88.9,94.8,33.4,86.8,15.2,6.3,3.12,26967.92,44516,,,,
Wyoming,Laramie County,98327,14.6,93.7,93.2,28.7,91.5,10.4,9.6,3.69,31286.64,62879,,,,
Texas,DeWitt County,20226,18.9,80.3,80.8,13.6,71,16,12.8,4.44,30617.97,50960,,,,
California,Plumas County,18742,25.8,91.6,93.6,22.6,82.6,13.3,6.6,8.87,31098.64,50266,,,,
Mississippi,Chickasaw County,17146,15.9,96.4,74.5,11.8,69,22.9,14.3,5.24,19036.88,33579,,,,
Kentucky,Union County,14668,15.2,98.2,86.4,11.3,79.4,22.9,7.4,5.98,23221.67,42139,,,,
Massachusetts,Bristol County,561483,16,79,84.3,27.3,84.7,12.2,3.2,4.74,32452.19,62514,,,,
Oklahoma,Woods County,9031,16.1,93.8,88.7,31.2,84.2,12.9,11.6,2.66,29695.06,57097,,,,
West Virginia,Boone County,22349,17.6,99.7,79.1,7.9,75.4,24.4,7.1,6.28,20577.91,37955,,,,
Missouri,Andrew County,17555,17.8,97.9,91.3,25.1,84.3,9,7,3.14,28126.8,56658,,,,
Colorado,Eagle County,54772,9.4,72.1,89.9,45.1,95.4,7.7,16.9,2.32,36503.64,83803,,,,
Alaska,Fairbanks North Star Borough,99703,8.7,89.4,94.6,33.1,93.8,7.7,10.2,6.29,34968.82,76250,,,,
Kansas,Trego County,2884,22.7,99.1,93.2,23.3,90.6,4.8,7.3,3.34,33357.14,55197,,,,
Minnesota,Clearwater County,8878,19.7,95.2,85.8,15.3,78.9,17.9,9.5,8.68,23412.2,45638,,,,
Wisconsin,Kewaunee County,20445,18.8,97.2,92.4,18.2,83.2,9.2,4.2,3.07,28526.12,60320,,,,
Alaska,Sitka City and Borough,8689,13.9,89.6,93.5,32.9,92.1,9.2,17.9,4.68,35002.92,70765,,,,
California,Santa Cruz County,275897,14.2,68.1,86.4,39.8,90.9,14.7,8.3,5.67,37153.48,73663,,,,
Florida,Columbia County,69612,17.6,92.4,87,16.4,85.5,16.8,13.3,4.28,23214.01,43504,,,,
Indiana,Wayne County,66185,18.2,95.7,85.5,18.2,81.4,18.2,13,3.76,24312.7,41813,,,,
Florida,Polk County,686483,19.8,79.4,84.3,19.5,83.4,17.3,14.4,4.65,21464.18,45988,,,,
Minnesota,Winona County,50873,15.5,94,92.8,29.6,87,14.5,6.5,3.11,27940.16,53975,,,,
Oregon,Linn County,125047,17.6,92.6,90.2,18.6,88.3,16.1,8.3,4.76,24108.88,49515,,,,
Idaho,Washington County,10121,23.7,85.2,83.9,16.4,79.3,15.7,16.8,4.66,20495.97,37521,,,,
Michigan,Wexford County,33276,17.8,97.6,89.3,17.6,81.9,17.3,10.3,5.68,21928.51,42793,,,,
Idaho,Lincoln County,5318,12.6,73,78.1,9.1,78.6,11.5,24,3.21,17347.85,46383,,,,
Alabama,Lawrence County,33049,16.8,98.8,78,10.2,74.6,16.6,9.7,4.88,21896.84,43779,,,,
Ohio,Darke County,51536,18.6,98.3,89.5,14.2,82.5,11.6,6.6,4.2,24807.72,50064,,,,
Louisiana,Jackson Parish,15846,18.9,97.9,79.1,13,74.9,25.4,12.1,4.54,21192.62,36394,,,,
Minnesota,Pennington County,14238,17.2,96.1,92.5,18.7,82.5,10.3,3.5,5.72,28096.2,53893,,,,
Arkansas,Drew County,18547,16.4,97.2,83.2,18.5,78.3,24.4,8.6,5.16,20589.6,36092,,,,
Minnesota,Wilkin County,6324,18.4,99.2,92.8,20.8,81.2,9.9,5.8,3.13,29432.11,52917,,,,
Kentucky,Hopkins County,45547,17.1,98.1,85.6,15.7,77.1,17.2,9.6,4.83,23337.86,44048,,,,
Iowa,Fremont County,6948,21.5,97.5,92.8,20.8,83.2,11,6.1,2.61,30632.89,54430,,,,
New York,Putnam County,99323,15.6,80.9,92.8,38.5,94,4.8,5.7,4.25,44232.62,99608,,,,
Maryland,Charles County,159700,11.4,92.3,92.7,28.5,90,6.9,4.1,3.99,38863.8,93973,,,,
Mississippi,Pearl River County,55270,17.6,97.8,84.2,15,83.1,17.9,15.3,5.28,22350.78,44734,,,,
Alabama,Lowndes County,10076,17.4,99,76,13.7,64.1,30.2,12.3,8,18901.26,29785,,,,
Kansas,Franklin County,25733,15.9,98.1,92,20.3,83.6,12.5,7.9,3.72,25699.6,53167,,,,
Minnesota,Chisago County,55308,14,97.2,94,21.2,89.9,5.4,4.6,3.95,32461.74,76747,,,,
West Virginia,Ohio County,42035,20.2,97.8,92.1,30.8,80,13.7,6.8,4.78,30353.3,45777,,,,
Wyoming,Park County,29568,20.4,95.1,95.1,32.2,90.5,7,10.4,4.23,32426.97,60828,,,,
Mississippi,Montgomery County,10173,19.8,98.9,80.2,21,71.3,25.6,8.9,5.08,22775.11,34983,,,,
Kentucky,Johnson County,22594,16.7,98,79.7,15.1,77.5,24.1,7.1,8.17,19500.39,35629,,,,
Illinois,Henry County,49328,19.2,95.5,89.2,22.1,82.3,12.5,5.2,5.02,28253.06,55755,,,,
Michigan,Clinton County,78443,15.5,95.9,94.2,31.5,89.7,10.1,4.1,3.73,31866.16,64903,,,,
Nebraska,Sheridan County,5289,25.5,96,90.7,25.8,73.9,15.8,14.7,2.64,26280.18,41209,,,,
North Dakota,Traill County,8013,18.8,96.7,92.5,26.1,85,6.9,4.3,2.41,33178.17,60952,,,,
Ohio,Warren County,228882,13.2,92.1,93.2,41.9,92.6,5.1,4.4,4.11,38604.46,79397,,,,
West Virginia,Calhoun County,7307,22.3,98.2,75.3,10.6,74.4,17.1,9.7,10.45,18587.12,36279,,,,
Texas,Wilbarger County,12764,16.6,83.3,79.2,15.2,80.1,16.5,15.8,4.69,22952.3,43913,,,,
Michigan,Berrien County,154259,18.4,92.3,89.5,26.7,84.2,17.2,8.7,4.97,28023.95,47132,,,,
Kentucky,Perry County,26553,15.1,97.9,76.6,12.6,75.9,26.2,8.8,8.23,19909.09,31820,,,,
Colorado,Kit Carson County,7158,17.4,85.4,86.8,15.8,82.5,11.5,13.9,1.82,28366.67,45881,,,,
Kansas,Hodgeman County,1842,21.9,92.6,92.6,24.4,85.8,8.4,9.5,2.52,28862.82,55345,,,,
South Carolina,Dillon County,30666,15.5,95.5,73.4,11.2,70,30.6,16.8,5.7,14822.14,30866,,,,
North Dakota,Morton County,30796,15.1,95.7,91.7,26.1,87.5,7.9,5.9,3.04,39350.45,65385,,,,
Texas,Andrews County,17722,10.2,57.1,74.6,9.8,88.1,11.9,15.4,3.06,27838.08,70753,,,,
Oklahoma,Roger Mills County,3716,18.8,97.9,91,20.8,81.8,18.4,12.4,3.26,26348.73,51286,,,,
Alabama,Henry County,17147,21,97.9,80.6,17.1,77.9,13.7,10.8,4.87,23562,45569,,,,
Kentucky,Butler County,12831,17.5,95.2,77.8,11.7,71.9,22,10,5.46,21539.68,39362,,,,
Missouri,St. Louis city,308626,12.1,90.9,85.7,34.1,80.6,25,13.2,4.41,26416.51,38664,,,,
Texas,Hartley County,5691,13.9,80.2,80.8,17,86.1,8.1,13.5,1.97,29595.08,64427,,,,
West Virginia,Tyler County,8795,20.7,98.4,88.8,13.6,75,16.4,12.2,7.21,23867.47,40902,,,,
Texas,Smith County,227727,15.6,82.6,84.9,25.2,87.3,16.3,17.6,4.06,25335.84,50742,,,,
Kansas,Jefferson County,18998,17.8,98.6,92.6,21.2,85.1,8.3,7.5,3.56,28239.67,58935,,,,
Texas,Freestone County,19625,19,87.2,81.8,11.7,80,17.3,17.4,6.31,25981.12,45890,,,,
Pennsylvania,Cumberland County,250066,17.4,91.1,91.9,34.7,87.6,7.8,6.1,3.81,35071.01,65544,,,,
Tennessee,Henderson County,27751,17.2,97.7,81,14.4,76.7,19.5,9.5,5.13,20822.44,42711,,,,
Nebraska,Pawnee County,2641,27.1,90.8,90.1,15.9,72.2,20.5,14,3.07,28786.05,42176,,,,
Texas,Franklin County,10767,20,87.4,87,19.8,82.6,15,20.4,4.59,22715.3,43967,,,,
West Virginia,Webster County,8372,21.3,99.4,77.2,10.5,69.3,26.7,6.1,6.19,19977.25,33390,,,,
Georgia,Marion County,8450,18,95.5,77.1,12.5,70.6,23.1,13,6.08,19586.15,39015,,,,
Texas,Menard County,2124,27.2,76.4,79.1,15.8,70,9.8,30.4,4.83,23312.09,37917,,,,
Arkansas,Polk County,20118,21.6,94.1,85.2,12.5,77.3,26.6,14.1,4.49,18338.96,33870,,,,
Georgia,Carroll County,117812,12.7,93.2,82.6,19.6,86.3,18.6,13.8,5.03,23115.5,46844,,,,
Texas,Atascosa County,48981,13.9,61.1,75.8,14.3,83.8,14.6,17.2,4.18,23446.43,55194,,,,
Illinois,Kankakee County,109605,15.5,90.8,87.9,19.8,84.7,15.1,7.1,5.23,26457.63,56542,,,,
Kansas,Pratt County,9547,18.2,91.5,91.8,26.4,80.8,10.9,9,3.29,27213.31,53415,,,,
Alabama,Randolph County,22670,19.7,98.1,78.6,14.6,76.8,18.7,12.3,4.4,20401.61,39485,,,,
Wisconsin,Door County,27483,27.1,96.2,93.8,32.7,87.2,8.4,4.3,3.86,35429.61,56494,,,,
Virginia,Giles County,16837,20.6,97.8,87,17,77,11.3,10.6,4.72,24883.47,49734,,,,
Georgia,Webster County,2605,19.1,97.2,80.9,11.3,67.5,19.5,9.7,7.59,21860.83,36658,,,,
Georgia,Clayton County,285153,8.4,80.2,84.1,19.1,90,21.9,21,5.85,18527.21,44106,,,,
Washington,San Juan County,16715,30.6,92.9,96.1,48.3,93.2,10.7,8.3,3.93,41212.5,60271,,,,
Texas,San Augustine County,8253,24.5,93.5,80,12.1,66.6,24.4,18.6,7.45,20275.2,32394,,,,
Ohio,Holmes County,43957,12.7,53.5,58.2,8.5,63.1,12,40.2,3.55,21119.24,58728,,,,
Arkansas,Lee County,9176,17.8,98.4,70,8.4,66.9,27.3,11.3,4.84,18200,27901,,,,
Colorado,Archuleta County,13315,23.3,86.5,90.5,37,89.5,11.6,15.7,3,28826.79,48016,,,,
Arizona,Yuma County,207534,17.6,46.2,71.6,14.3,81,19.7,15.1,17.05,20730.32,43253,,,,
Iowa,Iowa County,16103,17.8,95.8,92.5,20.2,85.2,9.8,5.6,2.64,30677.02,58077,,,,
Hawaii,Honolulu County,988650,16.4,72,91.4,34,90,9.1,4,2.24,33069.93,80078,,,,
Texas,Borden County,673,23.6,85.2,94.5,38.8,90.3,2.8,4.5,3.46,39876.54,77708,,,,
Kansas,Geary County,33855,7.8,85.1,92.8,21.4,90.4,14.9,8.5,5.05,20830.86,46096,,,,
New Mexico,Socorro County,16798,17.7,61.1,76.8,19.5,66.7,26.6,12.5,6.53,13484.14,34008,,,,
Washington,Spokane County,506152,15,92.8,93.4,29.4,90.1,15.2,7.6,5.41,28683.13,52159,,,,
Missouri,Caldwell County,9100,19.4,97.3,89.7,17.4,77.8,13.3,9.4,4.01,24483.05,44975,,,,
Kansas,Riley County,74172,8.3,89.7,95.9,45.5,93.5,22,6,3,27928.46,48428,,,,
Kentucky,Lyon County,8082,24.1,96.5,86.2,14,76.5,14.1,8.6,5.63,31457.84,50268,,,,
Washington,Whatcom County,221404,15.9,88.1,92.3,33.8,91.1,15.3,8,5.01,29390.32,56419,,,,
Iowa,Clinton County,47010,18.6,97.4,91.7,19.2,81.5,13.1,4.6,4.1,27965.53,50295,,,,
Texas,Hill County,35852,20.2,83.5,81.1,16.4,81.9,17.5,17.6,3.88,23346.47,45970,,,,
Texas,Milam County,25053,19.6,85.6,81.7,15,76.8,16,12.7,5.03,22574.41,41768,,,,
Virginia,Martinsville city,13142,19.3,93.8,80.9,20.9,76.9,24,14.8,6.8,23367.86,33545,,,,
Oregon,Multnomah County,807555,12.3,80,91,43.8,91.8,16.4,8.9,3.63,34562.81,60369,,,,
Minnesota,Le Sueur County,28111,16.5,94.4,91.6,21.9,87.6,8.8,4.5,4.66,31342.29,65500,,,,
Virginia,Manassas Park city,16591,7.4,53.7,82.3,31.4,95.5,10.3,21.8,3.35,27342.43,79131,,,,
Texas,Swisher County,7515,17.6,73.6,77.1,13,79.7,22.2,18.8,4.06,19585.98,37883,,,,
Mississippi,Lowndes County,59186,14.5,95.3,84.7,23.6,81.7,21.1,13.1,5.39,22803.13,43198,,,,
Illinois,Winnebago County,284778,16.1,86.1,87.4,22.4,86.1,15.3,7.2,6.32,27196.36,51110,,,,
Mississippi,Yalobusha County,12497,18.7,98.7,81,14,67.6,22.6,12.7,5.49,19746.38,37647,,,,
Tennessee,Tipton County,61366,13.4,97.2,86.4,15.3,84.6,14.6,9.3,4.4,25463.25,57212,,,,
Vermont,Washington County,58290,17.8,96.5,93.7,40.5,86.9,11.8,3.9,2.96,32790.79,60602,,,,
Oklahoma,Stephens County,43332,18.2,94.5,86.6,17.4,81.8,15.1,14.1,6.25,24548.62,44805,,,,
New Jersey,Union County,563892,13.6,56.4,86,34.1,87.4,10.3,13,4.77,36897.61,73376,,,,
Texas,Erath County,41969,13.8,81.6,85.1,27.8,89.1,22.6,18.7,3.41,22210.28,47013,,,,
Nevada,Elko County,52649,9.9,83.9,83.8,17.7,91.4,11.5,10.5,3.7,30410.42,76178,,,,
Kentucky,Green County,11065,20,97.1,75.7,11,72.2,19,6.8,4.61,22617.21,37388,,,,
Texas,Jeff Davis County,2280,31.2,59.4,79.6,36.3,88.7,6.7,19.7,3.14,25447.22,46534,,,,
Idaho,Boundary County,11922,20.6,97.1,89.7,18.2,84.6,18.3,22.1,4.75,23973.6,39512,,,,
Illinois,LaSalle County,110067,17.7,93.1,88.7,17.8,84.2,13.6,6.2,5.52,28289.71,54693,,,,
Texas,Garza County,6528,11.3,52.7,58,10.2,79.6,13.5,14.3,3.31,26972.04,53832,,,,
South Dakota,Roberts County,10278,18.7,97,88.2,17.5,77.4,18.8,20.8,4.84,25187.64,51228,,,,
Florida,Nassau County,82721,20.4,95.4,91.4,27.2,90.8,11.4,12.4,3.8,32914.12,64294,,,,
Minnesota,Brown County,25194,20.1,95,91.7,19.8,84.4,8.1,4.5,3.72,30869.03,55764,,,,
Georgia,Pike County,18217,15,97.6,89,16.5,85.9,12.3,14.6,4.47,24416.22,52377,,,,
Tennessee,Lawrence County,43396,17.5,93.9,80.8,12.2,75.7,18.3,15.1,4.36,19643.51,41522,,,,
South Carolina,Cherokee County,57105,15.6,95.9,78.3,15,73.8,22,12.6,4.92,18821.69,35286,,,,
Kansas,Clay County,7958,22.7,97.1,92.2,23.9,80.3,9.4,5.2,3.76,30463.14,55434,,,,
Illinois,Marion County,37902,18.9,97.8,88.9,15.2,82.5,17.8,7.4,5.14,24319.57,44679,,,,
Illinois,McDonough County,30823,16,94.3,92.9,32.6,84.5,22.3,6.3,4.88,23712.35,42911,,,,
Kentucky,Laurel County,60174,15.2,98.8,78.9,13,78.3,24.6,8.3,5.89,19807.39,37235,,,,
Texas,Motley County,1230,28.8,90.4,89.8,15.6,83.2,12.2,20.5,3.67,25051.26,40598,,,,
Missouri,Dunklin County,30119,17.6,93.4,74.3,12.9,75.9,26.6,15.1,6.65,19010.13,32348,,,,
Oregon,Jackson County,217479,20.5,90.5,89.3,26.8,89,16.7,9.7,4.77,26762.81,48688,,,,
South Carolina,Greenville County,506837,14.6,88.7,87.3,33.3,85.4,13.5,12.2,3.66,28744.19,53739,,,,
Kentucky,Breathitt County,12946,15.4,98.8,72.8,12.6,67.5,36,6.9,8.52,17218.6,25861,,,,
California,Monterey County,437907,12.4,45.9,71.2,23.9,85.5,14.7,13.7,7.18,26688.79,63249,,,,
Georgia,Chattooga County,24770,16.6,95.2,73,10.1,76,22.5,15.7,4.74,18827.6,35718,,,,
North Carolina,Warren County,19883,22.9,96.2,80.1,15.8,72.3,22.3,14,6.94,21495.32,35443,,,,
Alabama,Bullock County,10309,15.2,97.2,71.4,13.4,64.2,28.5,14.1,4.93,15444.16,29655,,,,
Minnesota,Wright County,134286,11.5,96.3,94.4,27.4,91.6,5,3.7,3.5,32505.38,77953,,,,
Missouri,Monroe County,8612,21.3,95.9,90.8,14.4,75.7,13,12.5,4.37,21966.53,42011,,,,
Georgia,Pierce County,19307,16.3,95.3,81.9,12.7,79.8,21,17.1,4.54,22632.35,39863,,,,
Missouri,Butler County,42666,17.9,97.6,83.5,15.9,80.2,21.6,12.3,4.62,20649.41,37878,,,,
Georgia,Elbert County,19109,19.3,94.6,78.6,11.1,65.4,22.4,14.4,5.32,20629.67,35207,,,,
North Carolina,Halifax County,51310,19,96.9,76.9,14,73.4,26.8,12.3,7.38,20399.58,33573,,,,
Indiana,Benton County,8613,17,95.5,89.5,16.8,86,14.9,11.8,3.39,23375.4,49183,,,,
Arkansas,Clark County,22293,15.6,94.7,88.2,26.4,76.6,21.5,9.1,3.98,23008.97,37144,,,,
Oregon,Polk County,83696,16.9,85.7,90.7,30.6,91.4,15.4,8.2,4.34,25694.78,56032,,,,
Virginia,Roanoke County,93730,19.8,93.5,92.1,34.7,88.2,8,6,3.45,34043.46,62134,,,,
Minnesota,Traverse County,3319,25.4,96.8,91,17.6,79.8,10.9,3.6,3.52,31995.17,48889,,,,
Oregon,Umatilla County,76985,14.6,77.3,82,15.9,85.5,17.8,10.7,4.83,23058.8,50071,,,,
Michigan,Branch County,43410,17.2,92.5,88.9,14,82.9,15.9,10.9,4.74,23603.98,48192,,,,
Michigan,Menominee County,23046,22.2,97.9,92.2,15.8,79.3,13.5,6.3,5.03,26061.29,44480,,,,
Wisconsin,Marquette County,15308,23.3,95.6,88.7,13.6,80.6,11.8,7.9,3.83,25773.82,49052,,,,
Florida,Taylor County,21833,18.5,94.1,79.5,8.6,78.9,16.4,12.4,4.5,20073.79,37188,,,,
Pennsylvania,Somerset County,74501,20.9,95.9,87.8,15.7,77.6,12.7,7.6,6.09,24917.37,46132,,,,
Illinois,Macoupin County,45446,18.8,98.4,90.6,18.5,84.1,13.3,5.8,4.77,27384.65,53890,,,,
Kansas,Lane County,1559,20,95.2,93.5,23.9,87.1,10.7,9.9,3.39,30352.68,51765,,,,
Ohio,Clark County,134557,18.3,96.1,87.2,18.6,84.5,16.6,7.3,4.85,25392.12,46275,,,,
Texas,Reagan County,3710,11.1,39.5,70.4,11,85.2,18,29.6,3.84,23580.38,59760,,,,
Illinois,St. Clair County,262479,14.3,95,90.7,26.6,80.4,17,7.9,4.92,28111.86,51103,,,,
Virginia,King and Queen County,7003,21.8,97.5,85.5,18.9,70.2,15.6,11.7,3.61,25071.31,51495,,,,
Nebraska,Harlan County,3443,25.8,96.8,91,18.7,80.8,12.9,9.2,2.57,27019.07,46750,,,,
New York,Seneca County,34498,17.7,93.4,85.9,20.5,85.5,11.8,9.7,4.6,28671.79,51601,,,,
California,Kern County,893119,10.2,55.9,73.8,15.8,83,22.6,11.2,9.21,21636.25,50826,,,,
Mississippi,Neshoba County,29369,15.2,91.5,78.2,14.1,76.4,22.1,13.5,5.08,19071,36755,,,,
Colorado,Lincoln County,5546,17.2,91.4,87.8,13.2,84.6,14,5.7,2.12,24639.08,44725,,,,
Nebraska,Burt County,6535,23.8,97.3,90.9,19.1,76.9,12.3,9.1,3.71,27652.91,50174,,,,
Idaho,Gooding County,15124,16.7,73.6,77.9,14.7,80.9,15.9,18.5,2.45,20323.62,42626,,,,
Kentucky,Trimble County,8561,17,98.2,82.6,11.8,85.6,15.2,7.4,4.98,26190,50998,,,,
Missouri,Hickory County,9475,33.1,98.3,83.6,9.8,75.7,23.3,15.8,4.5,18749.36,34746,,,,
Tennessee,Warren County,40651,16.8,94,79.3,14.4,74.4,21.6,13.1,3.92,20923.9,36765,,,,
Kentucky,Barren County,43801,16.9,96,82.2,16.2,80.2,22.9,9.1,4.57,20060.71,39658,,,,
Kansas,Labette County,20145,18.1,97.1,87.2,17.6,82.4,17.8,10.3,4.53,22788.26,45706,,,,
Indiana,Hamilton County,323747,11,90.8,96.2,57.5,96,5,5.7,2.73,44219.63,90582,,,,
Indiana,Fountain County,16505,19.3,97.5,88.5,14.4,82.1,12.6,9,4.02,26110.64,46669,,,,
New York,Essex County,37956,21.4,94.1,90.9,26.7,84.9,8.9,5.2,5.56,29951.72,55294,,,,
Mississippi,Adams County,31003,17.3,90.5,79.5,17.4,75.1,34.2,16.3,7.29,18274.31,30359,,,,
Kansas,Wabaunsee County,6874,18.1,98.7,93.3,22.7,82.1,6.1,6.7,3.19,25622,58947,,,,
Georgia,McIntosh County,14106,23.4,98.2,82.8,14,80.4,20.3,16.3,5.1,23863.93,43285,,,,
Arkansas,Chicot County,10636,19.2,94.9,80.2,13.2,71,29.4,11.5,6.53,21140.76,32412,,,,
South Dakota,Douglas County,2931,24,96.4,86.7,18.9,79.2,8.2,12.7,2.96,29843.95,52543,,,,
Virginia,Stafford County,146649,9.4,86.5,93.7,38.7,95.5,4.7,7.7,3.62,39036.18,103005,,,,
New Mexico,Roosevelt County,18847,13,70.4,79.5,24.5,81.5,27.5,14.1,5.28,19671.65,35928,,,,
Georgia,Turner County,7961,18.9,93.8,76.5,13.5,74.6,27.9,16.6,5.72,21130.77,42622,,,,
Arkansas,Little River County,12359,19.9,96.8,85.1,10.3,78.3,18.8,11.1,4.79,23527.04,36963,,,,
Kentucky,Estill County,14277,17.6,99.5,76,9.9,72.4,30.4,9,5.98,16823.72,30692,,,,
Oklahoma,Bryan County,46319,17.3,95.1,86.2,22.5,82.3,17.5,17.2,3.83,21728.85,41197,,,,
North Carolina,Nash County,93991,16.9,93.3,85.1,20.3,79.9,15.9,11.8,6.13,25196.8,46187,,,,
North Carolina,Anson County,24991,16.6,95.1,80.1,9.2,74.9,22.7,14.8,5.31,19798.37,38123,,,,
South Dakota,Potter County,2231,28.6,98.3,92.4,22.2,84.8,6.5,5.9,3.42,33152.29,51597,,,,
Oklahoma,Jackson County,25125,14.2,83.1,83.1,21.1,83.4,18,13.1,3.84,23255.2,45189,,,,
Texas,Bexar County,1958578,11.4,59.9,83.7,27.3,87.3,16.4,15.9,3.49,24880.41,53999,,,,
Wisconsin,Crawford County,16214,21,97.4,90.3,16.8,78.8,13,6.8,4.12,25078.72,47331,,,,
Texas,Orange County,85047,15,94.6,89.1,15.7,84.6,14.2,15.3,6.86,27620.62,53667,,,,
Texas,Scurry County,17050,14.6,74.9,78,16.6,87.3,12.8,15.6,4.37,26179.62,54565,,,,
Kansas,Rawlins County,2497,26.3,93.5,94.6,26.7,83.2,8.7,5.4,2.26,28614.15,50893,,,,
Pennsylvania,Perry County,46127,16.9,95.1,87.7,16.6,82.1,8.4,9.4,4.29,28870.63,60847,,,,
Nevada,Pershing County,6508,15.1,77.4,80.9,13.7,75.9,15,16.5,4.5,25737.34,52308,,,,
Illinois,Livingston County,36518,17.6,95.5,89.3,15.1,84.9,13.3,6.1,4.39,28978.15,54339,,,,
Texas,Walker County,72245,12,83.5,83.6,20.3,88.9,24.3,13.5,4.61,22346.12,41456,,,,
Oklahoma,Osage County,47233,18,97.1,88.2,18,81.4,15.7,13,5.13,24380.48,47683,,,,
Missouri,Mississippi County,13586,16.7,99.4,74.3,11.4,75.8,31.7,16.7,5.09,20035.02,32212,,,,
Virginia,Chesapeake city,240397,12.1,92.4,92,31.5,92,9.6,8.1,3.87,32037.32,72214,,,,
Ohio,Champaign County,38840,17.2,98,89.7,16.1,87.5,11.1,6.1,4.16,25704.8,54495,,,,
New Jersey,Bergen County,948406,16.4,60.1,92,47.9,91.2,7.2,9.2,3.89,46158.76,91572,,,,
Wisconsin,Price County,13442,23.9,96.4,90.4,17,79.9,11.9,5.5,3.76,28237.44,45680,,,,
Illinois,Macon County,105801,18.4,96.4,90,22.7,83.1,16.6,5.8,5.46,28526.92,49052,,,,
Michigan,Osceola County,23260,19.7,96,87.5,12.4,77.6,20.7,11.5,6.08,20561.26,41099,,,,
Alabama,Autauga County,55504,14.3,96.2,87.7,25,86.2,13.7,8.8,3.86,27841.7,55317,,,,
Arkansas,Montgomery County,8919,25.8,96.5,78.8,12.3,71.7,18.1,12.5,4.82,21246.75,35252,,,,
Michigan,Keweenaw County,2105,31.3,98.7,94.7,25.1,77.3,14.5,10.9,8.72,28001.91,41118,,,,
Massachusetts,Dukes County,17325,21.2,90,96.6,46.3,90.6,8.4,3.2,4.87,38099.28,67535,,,,
Maryland,Anne Arundel County,573235,13.8,89,92,40.1,92.8,6.1,5.4,3.56,43550.94,94502,,,,
Kansas,Elk County,2498,28.3,97.3,89.9,15.8,77.2,13.5,11.2,4.27,21391.78,39405,,,,
Indiana,Wells County,27984,17.3,96.7,91.3,18.6,85.5,11,8.3,2.95,25899.6,53038,,,,
Tennessee,Bledsoe County,14717,17.8,95.5,73.2,12.4,72.8,20.7,15.7,5.86,19858.1,40450,,,,
Oklahoma,Latimer County,10411,20.6,97,85.9,16.3,75.8,18.9,19.9,7.52,23312.94,40539,,,,
Missouri,Boone County,178271,10.9,92.5,93.5,45.9,92.2,18.7,7.4,2.61,29536.25,52005,,,,
Ohio,Clinton County,42009,15.8,98.3,88.7,17.5,84.1,14.7,7.4,5.44,25723.69,49997,,,,
South Dakota,Codington County,28099,16,97.7,91.7,21.6,86.3,11.7,6.3,3.36,29914.47,52025,,,,
Kansas,Atchison County,16332,16.6,98.6,92.4,20.7,79.6,18.5,9.1,5.17,25662.7,46640,,,,
North Dakota,Burke County,2131,15.3,97.2,91.4,20.1,84.3,7.3,8.8,3.08,36088.61,71667,,,,
Utah,Juab County,11250,11.5,95.5,92.4,16.8,89.7,12.8,12.8,3.37,20746.25,57590,,,,
Georgia,Atkinson County,8342,12.5,76.8,69.9,8.2,68.6,27.4,24.8,4.5,17400,33063,,,,
North Dakota,Divide County,2288,26.7,95.1,88.4,19.4,77.1,13,5.1,1.66,40226.39,54223,,,,
New Mexico,Santa Fe County,148750,20.8,65.8,88.9,41.4,85.7,14.4,13.3,5.1,35058.55,57945,,,,
Louisiana,Natchitoches Parish,39021,15.4,97.5,85,19.4,66.9,31.9,13.7,5.97,17817.87,29001,,,,
Ohio,Crawford County,41746,19.8,98.4,89.6,14.7,81.5,16.2,7.3,5.75,24491.03,41726,,,,
Oklahoma,Garfield County,61581,15.2,88,88,22.5,84,13.6,13.3,3.93,25535.69,50724,,,,
New York,Westchester County,980244,16,66.7,87.6,47.7,90,9.4,7.8,4.56,52300.73,89968,,,,
Virginia,Spotsylvania County,133033,12.7,89.8,89.9,30.4,92.7,8,9.1,3.73,32784,81434,,,,
Arkansas,Randolph County,17557,19.9,97.9,82.5,14.5,74.4,20.9,10,4.15,21382.4,35930,,,,
Alabama,Conecuh County,12469,21.1,98.2,79,8.8,51.5,26.4,15.7,6.14,14814.23,30434,,,,
Florida,Gadsden County,46071,16,89,79.7,16.3,71.3,24.4,15.3,5.31,20792.21,39830,,,,
Missouri,Carter County,6169,18.8,98.3,79.4,12.3,76.9,14.5,19.2,5.99,21181.4,37875,,,,
Mississippi,Winston County,18246,18.9,98.5,79.1,15.9,70.6,25.3,12.2,5.96,23151.44,33313,,,,
Louisiana,De Soto Parish,27340,16.5,96.7,82.6,13.5,77.2,26.3,12.9,6.1,22506.51,41443,,,,
Missouri,Wright County,18331,18.9,96.3,80.4,11.8,75.8,25,19.1,4.99,19393.39,31290,,,,
Illinois,Brown County,6716,13.7,94.9,83.8,13.2,77.9,11.6,4.8,2.85,29863.52,56289,,,,
Kentucky,Carroll County,10713,14.9,93.6,76.5,11.8,76.4,27.7,8.9,4.72,22427.59,43345,,,,
Texas,Bowie County,94012,15.8,93.8,87.4,19.2,77.2,17.9,14.9,4.55,24878.95,46283,,,,
Virginia,Bland County,6350,20.5,98.8,88.2,14.2,81.3,8.3,8.6,4.43,26207.14,46927,,,,
Kentucky,Fulton County,6192,18.7,98.4,79,14.9,73.6,25.3,8.7,7.19,17512.24,28274,,,,
Mississippi,Leflore County,29223,13.1,96.8,78.2,17.9,59.4,40.3,15.9,7.36,14632.48,25210,,,,
Virginia,Portsmouth city,94572,14,95,86,21.9,84.5,17.7,12.1,5.43,23405.16,48727,,,,
Nebraska,Cedar County,8530,20.9,99,93.4,18.4,82.1,9.7,5.5,2.27,29891.67,57208,,,,
New Mexico,Hidalgo County,4305,20.4,59.6,78.9,14.4,71.8,26,10.5,5.17,17664.37,31829,,,,
New York,Schoharie County,31420,19.4,96,88.7,21.6,83.1,13.9,5,5.52,27119.09,51842,,,,
Washington,King County,2188649,12.5,73.3,92.7,50.3,94,10.2,7,3.7,46225.31,83571,,,,
New York,Tioga County,48578,18.5,97.1,90,24.7,84.9,11.2,5.7,5.18,30064.34,57153,,,,
South Carolina,Lee County,17350,16.8,98.3,77.7,11.6,69.1,26.4,11.7,6.03,17914.4,31963,,,,
Nebraska,Douglas County,561620,11.9,85.3,89.7,37.9,87.3,13.5,10.1,3.18,32139.84,58640,,,,
Alabama,Shelby County,213605,13.7,92.1,92.1,42.2,92.4,8.3,7.4,3.23,34709.33,74063,,,,
Pennsylvania,Cambria County,133054,20.9,97.3,90.8,20.9,79.1,15.6,5.6,6.07,26091.07,44943,,,,
Virginia,Chesterfield County,343599,13.4,89.1,91.9,38.4,92.6,7.2,7.8,3.63,34796.35,76969,,,,
Kentucky,Jackson County,13431,15.8,98.4,74.3,10.5,72.5,33,9.8,8.33,16853.28,32055,,,,
Kentucky,Garrard County,17523,17.2,98.1,80.3,15.7,80.9,18.2,8.9,4.79,24920.65,47906,,,,
Nebraska,Banner County,742,17.2,96.5,95.7,17.4,93,8.9,7.7,3.78,30125.93,55000,,,,
North Carolina,Surry County,72224,19.2,91.1,78.3,16.5,75.3,17.6,13.3,4.26,22511.48,39071,,,,
Iowa,Adair County,7054,21.9,97.5,94,15.7,83.8,9.5,6.4,2.8,29682.19,49477,,,,
Virginia,Amherst County,31594,19.5,96.4,84.1,19.9,75.2,13.4,10.1,4.18,24066.01,49677,,,,
Minnesota,Pope County,10970,22.9,97.7,93.7,22.2,84.9,7.9,4.5,3.06,33269.86,58198,,,,
Texas,Cameron County,423725,12.5,26.6,66.2,17.2,73.6,31.2,29.1,6.88,15221.11,36095,,,,
Washington,Franklin County,92125,8.4,50.8,74.2,16.3,84.7,15.9,15.9,6.31,21375.3,60275,,,,
Missouri,Franklin County,103330,15.9,97.8,87.7,20.4,86.5,10.6,8.2,3.62,27366.8,53849,,,,
Georgia,Fayette County,112549,16.5,88.6,94.9,46.7,93.1,6.3,7.3,4.08,39271.48,84861,,,,
Georgia,Worth County,20533,17.7,98.4,78.1,11,76,21.5,17.4,4.92,20184.67,40369,,,,
Maryland,Kent County,19384,25.1,94.5,87.3,33.2,81.7,13.1,6.3,4.48,32978.9,56638,,,,
South Dakota,Davison County,19704,17.5,96.3,90.9,24,85.2,12.6,7.1,2.91,29640.74,48665,,,,
Nebraska,Butler County,8053,19.9,95.4,92,18.7,81,7.8,6.5,2.77,27622.75,52448,,,,
Wyoming,Fremont County,39803,16.6,91.5,91.1,23.3,86.1,13.7,18.9,5.57,26961.92,55013,,,,
Michigan,Sanilac County,41269,20,94.5,87.8,13.9,80.6,15,11.2,6.01,23702.09,44417,,,,
Kentucky,Madison County,91226,12.9,95.8,86.8,30.3,87.7,19.5,6.9,4.3,24725,46674,,,,
Arkansas,Desha County,11764,17.6,94.1,77.4,12.6,73.1,32.6,10.1,4.8,18310.43,27036,,,,
Idaho,Teton County,11381,9.4,83.5,92.7,42.5,88.3,8.3,10.5,2.73,24798.25,55986,,,,
Utah,Morgan County,11873,11.1,94.7,97.2,40,95.8,2.4,6.1,2.87,30726.76,86071,,,,
Illinois,Lake County,703520,12.8,71.9,90.3,44.2,92.3,8.5,8.1,4.41,42356.58,82613,,,,
North Carolina,Bertie County,19224,20.1,96.1,76.1,12.3,66.7,22,13.3,6.08,19123.28,31287,,,,
Alabama,Marion County,29833,20.4,96.6,80.7,13.4,76.2,17.6,9.6,4.79,21682.7,35719,,,,
Nevada,Douglas County,48309,25.4,89.8,93.5,27.2,91.1,9.8,10.8,4.8,35501.29,61176,,,,
Vermont,Orange County,28974,18.8,96.7,92.1,30,84.9,11.5,5.5,3.07,30154.35,56584,,,,
Tennessee,Claiborne County,31609,18.8,97.9,78.6,13,70.3,22.4,8.6,4.73,20361.8,35428,,,,
Kansas,Saline County,54734,16.2,90.3,90.1,25,84.1,12.6,9.5,3.2,27680.5,49728,,,,
Michigan,Allegan County,116447,15.2,94.5,90.7,22.3,81.6,10.8,6.1,3.85,26905.66,58487,,,,
New Jersey,Hunterdon County,125059,16.5,89.6,94.9,50.7,92.7,4.5,3.5,3.53,55456.76,110969,,,,
Georgia,Wayne County,29817,14.7,93.7,81.3,12.7,79.4,21.3,18.8,5.78,19825.47,41534,,,,
Georgia,Calhoun County,6455,14,92.8,74.3,9.4,68.2,32.2,18.8,5.23,17140.56,29617,,,,
Minnesota,Becker County,34098,19.4,96.4,92.6,24,83.2,12.7,7.7,4.15,28678.37,55884,,,,
South Dakota,Jackson County,3289,14.2,86.6,84.7,21.8,64.2,44.8,24.7,5.83,16109.06,38041,,,,
Michigan,Isabella County,71063,11.4,93.8,92,29.4,89.4,27.3,9.5,4.58,22917.9,42771,,,,
Arkansas,Van Buren County,16506,25.1,98.3,84.8,12.9,76.7,19.6,12.9,5.42,19608.3,34428,,,,
Indiana,Jennings County,27626,15.2,98.2,85.4,10.7,80.5,13.9,10.8,3.84,22556.25,48362,,,,
West Virginia,Upshur County,24465,18.8,98.8,83.8,18.1,79.3,21.2,9.4,6.02,21020.8,39434,,,,
Georgia,Hart County,25794,20.6,95.6,81.2,13.8,75.2,18.8,13.6,4.45,21766.53,41216,,,,
Florida,Liberty County,8242,13.1,93.6,79.8,11.1,76.3,17.8,21.7,4.48,18518.92,36741,,,,
Texas,Live Oak County,12174,19.8,71.5,78.5,11.3,72.9,16.3,18.9,4.65,22599.66,51480,,,,
Montana,Lake County,30273,20.2,96.3,90.9,26,84.2,20.9,18.5,4.44,24654.69,42582,,,,
New York,Niagara County,211328,17.7,95.9,91,23.5,82.2,13.4,4.9,6.21,28193.67,51656,,,,
Nevada,Storey County,4006,31.8,95.9,94.7,22.9,87.3,7.7,8.8,4.98,34648.05,63607,,,,
Texas,Hale County,34134,12.9,63.4,75.4,16.1,81.5,19.8,19.3,5.13,19271.08,46012,,,,
Maryland,Frederick County,252022,13.4,86.9,92.6,40.5,91.1,7.2,5.3,3.63,39716.04,88502,,,,
Arkansas,Hempstead County,21861,17.1,87.5,80.1,13.1,73.3,25.3,10.3,3.46,18050.91,38701,,,,
Texas,Montgomery County,570934,12.3,79,87.6,33.7,92.6,10.3,14.5,4.33,37154.39,74323,,,,
Texas,Glasscock County,1348,13.9,65.8,74.9,25.3,88.6,11.6,19.1,2.61,31705.35,64886,,,,
Tennessee,Rhea County,32691,17.8,95.8,77.3,14.2,76.6,21.9,10.9,6.42,21968.4,39368,,,,
Arkansas,Ouachita County,23868,18.6,98.4,85.2,15.3,66.3,26,9.6,4.57,18942.08,32136,,,,
Georgia,Johnson County,9788,17.3,98.3,75.6,9.6,69.8,21.5,17.5,5.15,16464.38,36423,,,,
Nebraska,Sherman County,3086,25.3,97.1,92.6,18.3,80.9,10.7,7.8,2.88,28357.6,48704,,,,
Minnesota,Itasca County,45137,21.4,97.9,93.4,22.7,83.7,12.6,7,7.01,28213.22,52050,,,,
Texas,Gray County,22404,15.8,79.4,80.4,12.8,81.8,14.9,19.6,5.28,23634.33,48314,,,,
Virginia,Patrick County,17665,24.6,95.9,78.7,14.3,72.4,20.2,12.8,4.51,21613.1,37757,,,,
Michigan,Tuscola County,52764,18.8,97.7,89.3,13.8,83.3,15.9,7.4,6.39,23830.58,45495,,,,
Oklahoma,Pottawatomie County,72226,15.6,95.6,86.8,18,82.8,17,15.3,4.16,22463.26,46159,,,,
Iowa,Cerro Gordo County,43006,20.1,96.5,93.5,22.2,82.9,11.3,6.1,3.08,31822.48,50569,,,,
Mississippi,Jefferson Davis County,11314,20.3,99.4,75.7,15,63.2,32.5,18,6.88,16423.33,26736,,,,
North Dakota,Renville County,2463,17.7,95.9,93.5,16.2,84.6,4.8,4.9,2.53,31095.93,66023,,,,
Nebraska,Rock County,1436,27.5,98.5,93.7,18.9,78.6,9.7,12.5,2.59,36201.98,52361,,,,
West Virginia,Braxton County,14237,20.5,99.1,80.6,15.7,69.1,22.1,8,7.36,20094.49,41266,,,,
Tennessee,Campbell County,39648,19.8,99,75.3,11.8,68,20.6,12.7,5.12,20621.37,35377,,,,
Nebraska,Blaine County,482,24.1,97.5,98.9,24.2,87.5,9.8,12.9,4.2,30201.85,52000,,,,
South Dakota,Edmunds County,3919,20.5,96.2,90.7,25,83.6,5.9,5.8,2.81,32853.33,65380,,,,
Virginia,Madison County,13277,20.2,96.4,87,26.9,83.6,9.8,14.6,2.95,29738.49,52287,,,,
Indiana,Clay County,26198,16.8,97.9,90.7,16.6,82.8,13.9,7.5,3.78,24721.81,50924,,,,
Minnesota,Beltrami County,46513,14.7,95.8,91,27,85.7,19,10.5,4.87,24212.55,45923,,,,
North Dakota,Towner County,2253,24.4,98.4,93.4,18.1,80.4,12.4,8.7,2.51,36007.87,54625,,,,
Illinois,Schuyler County,7035,20.6,98.8,88.4,17.9,82.2,21.5,16.3,4.41,26819.82,47321,,,,
Texas,Zapata County,14322,12.7,9.6,55.4,11.4,81.2,34.1,30.8,7.35,16761.3,34550,,,,
Wisconsin,St. Croix County,88703,12.5,96.4,96.1,34,91.5,4.8,4.8,3.09,36820.16,77768,,,,
North Carolina,Orange County,144946,12.3,83.5,92.6,57.6,93.1,14,8,3.82,40317.86,65522,,,,
Iowa,Osceola County,6045,20.3,92.8,87.4,17.7,83.6,11.4,6.7,2.1,26971.43,53604,,,,
Iowa,Buena Vista County,20110,14.2,67.2,79.4,20.1,86.1,13.7,10.6,2.68,27409.77,52784,,,,
Indiana,Lake County,485640,15.2,85.5,88.1,21.4,84.4,16.8,10.2,5.09,26179.62,52559,,,,
Washington,Skamania County,11837,18.5,95.9,90.4,23.2,81.1,13.3,6.6,6.17,27391.36,53606,,,,
Florida,Sumter County,125165,54.2,93.3,91.6,30.9,90.4,9.2,6.5,6.03,34377.07,54771,,,,
South Dakota,Sanborn County,2450,19.6,98.2,91,18.5,83.8,9.7,6.2,3.52,33277.38,54677,,,,
Ohio,Hancock County,75754,15.9,94.6,92.5,27.1,88.8,12.1,6,3.62,30328.26,52831,,,,
Alabama,Marengo County,19375,18.7,98.9,83.2,15.4,66.9,25.6,10.7,5.65,20738.37,32255,,,,
Kentucky,Floyd County,36271,16.3,99.1,74.9,12.6,76.4,30.7,8.8,8.14,18602.07,31196,,,,
North Dakota,Grant County,2376,27.6,95.6,90.2,18.2,77,12.8,6.2,2.87,34715.64,50875,,,,
Minnesota,Wadena County,13669,21.1,97,89.4,12.9,79.6,15,6.4,5.64,25075.76,45018,,,,
Tennessee,Hancock County,6600,18.9,98.5,77.1,10.2,63,25.7,11.4,5.8,18542.44,29619,,,,
Oregon,Lake County,7863,23.7,95.6,84.7,14.8,78.4,20,10.5,5.7,22634.95,32769,,,,
California,Merced County,272673,10.7,47.7,68.9,13.8,86.8,23.3,11.1,9.3,19528.79,46338,,,,
Wisconsin,Adams County,19973,27.4,94.8,87.2,12.5,80.3,13,6.4,5.09,24615.09,44003,,,,
Minnesota,Washington County,256348,13.3,91.1,96.1,42.3,93.9,5,3.6,2.99,41391.08,89598,,,,
Arkansas,Marion County,16428,27,98.9,86.2,16,80.6,19.5,8.5,3.94,18241.98,36113,,,,
Virginia,Rappahannock County,7321,24.4,94.1,88.6,33.6,84.6,8.9,14.3,3.47,37772.65,62541,,,,
North Carolina,Franklin County,66168,15.5,92,84.2,21,82.7,16.4,12.5,4.67,23741.41,48344,,,,
Wisconsin,Waushara County,24369,22.8,92.2,86.2,15.2,80.2,11.1,8.2,3.93,26502.15,48412,,,,
Nevada,Churchill County,24230,17.7,87,89.4,18.3,88,13.8,13.9,4.41,25519.09,46914,,,,
Kansas,Harvey County,34544,18.4,92.4,91.2,30,83.1,11.2,9.4,4.04,27049.4,55687,,,,
Texas,Eastland County,18411,21.9,90.2,83,12.7,68.8,17.4,21.7,4.32,18556.88,32135,,,,
Nebraska,Custer County,10897,21.4,96.3,92.5,21.7,79.8,11.9,11.1,2.16,33007.17,48836,,,,
Idaho,Benewah County,9184,21.8,97.2,86.3,14.1,78.8,15.8,15.2,5.53,21863.28,43472,,,,
Illinois,Lee County,34406,18,94.4,88.9,17.8,84.6,11.8,6.1,4.25,30880.34,58319,,,,
New Hampshire,Belknap County,60785,20.3,96.5,92.4,31.5,89.4,9.1,9.1,2.63,33752.89,65834,,,,
Iowa,Emmet County,9432,19.6,91.1,89.7,20.6,82.4,13.8,8.6,3.22,32393.9,47419,,,,
Michigan,Oscoda County,8287,26.2,93.4,82.8,10.9,71.3,18.1,14.6,7.48,21984.16,36833,,,,
Nebraska,Hamilton County,9207,18.3,97,93.6,25.7,88.7,7.2,5,2.52,32152.48,61944,,,,
Maryland,Washington County,150578,16,92.8,87,21.5,83,12.8,7,4.61,30033.07,58260,,,,
Tennessee,Henry County,32450,22.1,97.7,85,15.9,79.7,19.7,10.3,4.52,22936.02,40415,,,,
Louisiana,Sabine Parish,24018,19.2,97.7,83.5,14.2,70.1,19.6,14,5.5,22394.21,40695,,,,
North Carolina,Haywood County,61084,23.7,96.8,87.8,24.3,81,16.6,12.4,4.09,26748.23,45538,,,,
Texas,Callahan County,13946,19.5,94.9,87.1,16,70.3,15.6,22.1,3.68,20683.66,40945,,,,
North Carolina,Swain County,14294,19,96,80.4,15,60.7,20.9,21.1,5.1,20089.8,35271,,,,
Alaska,Northwest Arctic Borough,7684,7.2,65,80.7,10.8,79.9,25.3,31.5,16.82,19824.44,61533,,,,
Mississippi,Amite County,12447,21.5,98.1,78.9,13.2,63.3,22.8,15.1,6.65,18522,30129,,,,
Colorado,Huerfano County,6662,30.3,89.7,90.5,23.6,77.1,14.8,12.4,5.74,26082.41,35801,,,,
Idaho,Kootenai County,157637,17.4,97.3,92.9,24.5,90.3,12.6,11.6,3.84,28134.13,53189,,,,
Colorado,Jackson County,1385,21.3,83.7,85.1,16.5,83.1,12.8,9.2,1.77,24474.56,45994,,,,
Alabama,Fayette County,16468,20,99.4,79.6,14.6,73.8,18.1,8.3,4.73,21654.89,36541,,,,
Wisconsin,Forest County,8970,22.1,95.3,87.6,14.5,78,17.5,13.2,5.07,24789.86,43356,,,,
New York,Monroe County,747642,15.9,86.6,90.3,37.1,86.7,14.8,4.5,4.99,31282.08,55272,,,,
Florida,Palm Beach County,1471150,23,68.9,88.1,34.8,89.2,13.4,14.8,4.07,34682.24,57256,,,,
Georgia,Dawson County,24379,19.1,95.9,86.8,31.1,90.2,11.8,11.6,3.91,31578.23,62284,,,,
New Mexico,Taos County,32795,23.1,52.9,87.5,27.7,74.7,21.3,11.9,7.94,20335.69,35314,,,,
Wyoming,Platte County,8562,23,93.4,92.4,22.6,82.4,10.5,10.4,3.72,30956.52,47380,,,,
Tennessee,Blount County,129929,18.9,96.5,88.7,23.4,85.1,13,9.6,3.48,27950.6,51172,,,,
Michigan,Leelanau County,21657,27.9,95.2,95.2,40.8,89.4,7.7,6,4.9,37243.4,62646,,,,
Ohio,Ashland County,53628,17.7,94.2,88.4,20.2,83.1,14.2,9.5,4.9,25370.28,50893,,,,
Minnesota,Kittson County,4250,23.4,97.8,92.8,23.2,78.7,11.2,5.2,3.78,30779.64,52304,,,,
Alabama,Greene County,8330,19.4,99.4,76.6,11.4,55.8,38.8,13.1,7.66,12330.36,20954,,,,
Indiana,Dearborn County,49741,15.9,97.8,90.8,21.7,87.7,10.1,7.3,3.85,29989.31,62905,,,,
Virginia,New Kent County,21682,15.9,97.1,92.6,26.9,91.3,5.1,5.5,3.22,36946.97,78429,,,,
Mississippi,Union County,28556,16,96,78.3,14.7,77.9,18.2,12.5,3.59,18449.47,40076,,,,
Texas,Harris County,4652980,9.6,56.3,80.5,30.5,88.3,16.8,21.2,5,30020.21,57791,,,,
Florida,Lee County,739224,27,77.9,87.3,27.2,90,14.9,15.6,3.98,28352.49,52052,,,,
Missouri,McDonald County,22828,14.7,86.6,78.5,12.7,75.5,19,19.4,3.58,19071.84,41207,,,,
Illinois,Henderson County,6795,24.2,98.6,89.6,14.2,81,11.3,7.2,5,27832.02,47428,,,,
Oklahoma,Caddo County,29173,16,89.6,86.1,17,76.4,20.8,21.4,4.49,20172.46,41626,,,,
Minnesota,Koochiching County,12528,22.2,97.3,92.6,18.7,79.7,17.1,4.9,7.04,26810.41,47131,,,,
Texas,Lee County,17183,17.3,81.1,82.7,17.6,83.3,13.8,15.7,3.26,26344.57,55741,,,,
New York,Richmond County,479458,15.1,68.7,88.7,32.1,87.2,12.9,5.9,4.59,34001.77,76244,,,,
Rhode Island,Newport County,83460,20.1,89.7,93.3,46.5,89.2,9,5.8,3.92,44706.25,75463,,,,
Wisconsin,Green Lake County,18760,20.9,89.1,88.5,18.5,80,11.4,9.2,3.77,26871.67,50276,,,,
North Carolina,Cleveland County,97334,17.5,95.7,84,16.5,73.3,19.9,13,4.72,21131.35,40002,,,,
Pennsylvania,Berks County,417854,16.3,81.7,86,23.9,85.5,13.6,7.6,4.61,29214.56,59580,,,,
Ohio,Miami County,105122,17.6,97.5,89.6,21,86.3,9.9,6.4,4.25,27430.95,54568,,,,
Indiana,Parke County,16886,17.8,94.7,85.5,12.6,74.1,13.9,13.7,4.02,22994.9,44643,,,,
Texas,Comanche County,13573,23.8,77.9,81.6,18.6,77,18.2,21.8,3.69,21156.15,42419,,,,
Missouri,Greene County,289805,15.5,95,91.5,30.5,87.3,18.5,11.7,3.04,26040.87,43175,,,,
New York,Livingston County,63799,16.1,93.5,89.1,23.7,87.2,14.6,4.2,5.08,27778.57,53654,,,,
New Jersey,Warren County,106798,16.5,88.5,90.8,31.7,89.5,8.2,7.1,4.16,37325.2,75500,,,,
Nevada,Mineral County,4457,21.5,87.8,86.3,14,77,20.3,15.3,5.46,21618.64,39375,,,,
Texas,Hopkins County,36496,17.6,86,83,17.3,84.1,17.9,20,3.57,24067.79,47832,,,,
Oklahoma,Rogers County,91444,15.3,95.4,91.7,23.5,89.5,9.4,11.5,4.42,30074.62,61320,,,,
Wisconsin,Pierce County,41901,13.2,96.7,94.5,27.7,87.7,10.7,5.6,3.35,32358.73,66772,,,,
Texas,Guadalupe County,159659,13.1,77.3,88.2,26.8,89,10.6,13,3.31,28357.49,66187,,,,
Kansas,Sedgwick County,513687,13.2,85.7,89.1,30.7,85.3,14.7,11.5,4.22,27170.93,52841,,,,
Virginia,Harrisonburg city,54215,8.7,75.3,83.9,34.9,88,29,15.9,4.47,21203.32,43009,,,,
Tennessee,Wayne County,16583,18.2,97.5,79,11.1,70.4,19.6,11.9,5.18,19502.39,34299,,,,
Mississippi,Quitman County,7269,15.5,97.5,69.2,11.8,65,37.5,21.4,8.73,15493.75,25671,,,,
Indiana,Montgomery County,38525,17.1,95.1,89.7,18.1,86.6,10.2,10.5,3.03,25851.82,53075,,,,
Georgia,Ben Hill County,16996,15.8,93.6,81.4,10.2,70.7,30.4,18.3,7.86,15825.19,32344,,,,
Texas,Newton County,13952,19.1,97.2,87.6,8.8,75.1,15.7,14.7,7.87,17935.15,40180,,,,
Arkansas,Stone County,12537,25.8,98.6,76.8,13.4,75.1,24.2,10,4.74,19135.06,33091,,,,
New Jersey,Essex County,808285,12.8,65.4,85.3,34,85.6,16.7,13.7,5.67,34257.19,57365,,,,
Missouri,Saline County,22660,17.8,90.1,84.1,18.7,79.6,17.3,9,3.66,21855.47,41567,,,,
Louisiana,Ouachita Parish,155874,13.6,97.5,85.6,24.3,77.6,24.5,13,5.26,22807.66,40081,,,,
Missouri,Adair County,25377,14,94,90.5,31,84.5,26.2,8,4.36,23545.76,38750,,,,
Arizona,Greenlee County,9455,11.8,77.1,89.7,12.1,88.2,11.5,7.6,5.11,25331.52,56298,,,,
Illinois,Bureau County,33243,20.5,92.3,91.1,18.9,83.9,12.6,5.5,4.79,28240.83,54271,,,,
Alabama,Winston County,23722,20.6,97.5,77.2,12.9,72.5,18.7,11.7,5,19518.8,35362,,,,
Texas,Titus County,32904,13.4,60.8,74,15.8,77.9,19.3,20.8,5.34,20567.66,46980,,,,
Illinois,Sangamon County,196452,16.1,95.2,92.4,34.2,87.7,15.6,5,4.23,33641.38,58687,,,,
West Virginia,Nicholas County,25043,20.6,98.8,84.9,14.7,79.2,18.6,7.7,7.07,21960.5,39037,,,,
Florida,Hamilton County,14184,16.2,90.8,75.4,10.2,76.7,26.6,13.6,4.75,21451.88,36209,,,,
Wyoming,Campbell County,46242,7.7,95,91.3,18.5,93.4,9.4,9.6,4.93,32954.07,80178,,,,
Colorado,Moffat County,13131,13.2,89.3,90.1,17.2,86,10.1,14.7,3.32,26813.04,53010,,,,
Indiana,Gibson County,33576,16.4,97.5,90.8,16.8,85,10.7,8.2,2.95,27804.88,51149,,,,
Alaska,Yukon-Koyukuk Census Area,5365,12.6,84.7,84.7,12.4,65.1,25.5,32.3,18.26,19447.74,37819,,,,
Idaho,Power County,7600,15,68.8,76.6,15.8,88.6,11.6,14.6,3.39,21021.4,47602,,,,
Virginia,Powhatan County,28601,16.5,97.5,90.8,28.4,92.5,5.5,7.9,3.35,36705.81,80441,,,,
West Virginia,Clay County,8764,18.8,99.6,74.5,9,69.8,25.2,6.1,8.57,16034.73,34242,,,,
Indiana,Daviess County,33113,14.8,82.9,74.1,14.2,72.2,13,22.6,2.79,21890,48355,,,,
Kansas,Reno County,62510,18.4,93.1,87.7,20,83.6,14,8.9,3.87,25680.58,47897,,,,
Utah,Cache County,124438,8.7,88.4,93.3,36.9,94.4,15.2,8.5,2.77,21764.26,53812,,,,
Tennessee,Jefferson County,53804,19.1,95.8,83.4,16.2,82.6,13.8,10.4,4.02,23929.53,45641,,,,
Indiana,Brown County,15035,23,98.5,90,25.5,86.9,10.6,10.1,3.38,30788.26,59292,,,,
Missouri,Miller County,25228,17.7,98.4,86.4,16,79.7,16.5,11.3,4.52,22263.32,41461,,,,
California,Orange County,3190400,13.5,54.4,84.7,39.1,93.4,12.1,10.4,3.5,36768.09,81851,,,,
Texas,Fort Bend County,764828,9.7,61.6,89.7,45.7,95.6,8.1,12,4.63,37811.04,93645,,,,
Pennsylvania,Columbia County,65932,17.9,97,89.7,21.6,81.6,15.9,5.4,5.22,26931.62,48395,,,,
Georgia,Pulaski County,11201,18.6,97.7,80.1,12.6,73.2,21.8,17.3,5.28,20497.63,38750,,,,
Tennessee,Franklin County,41652,18.8,96.7,85.6,20.6,80.6,15,7.8,3.78,26302.89,46882,,,,
Arkansas,Madison County,16339,18.2,94.9,79.6,11.6,74.6,17.8,12.6,2.8,22991.02,42894,,,,
Wyoming,Johnson County,8476,21.2,96.1,95.4,26.8,79.6,9.9,11.3,4.15,32253.78,52415,,,,
Georgia,Stephens County,25890,18.7,96.3,81.6,19.6,80.6,18.1,15.2,5.28,21390.53,39756,,,,
Louisiana,Claiborne Parish,15969,18.2,98.7,79.4,14,66.3,29.9,13.2,5.38,17621.76,26877,,,,
North Carolina,Gaston County,220182,15.3,92,84.1,20.5,82.8,16.5,12.3,4.62,24158.78,46626,,,,
Idaho,Owyhee County,11628,16.9,77.1,75.1,9.7,75.1,23.3,26.1,4,20034.7,36092,,,,
South Dakota,Ziebach County,2756,8.7,75.3,83.4,14.9,56.4,43.1,23,5.21,11939.89,35000,,,,
Missouri,Cooper County,17644,16.8,97.7,88.8,20.7,83.4,11.2,8.6,3.69,23337.6,46547,,,,
Illinois,Hardin County,4046,20.6,98.8,81.6,11.1,72.9,16.6,9.6,7.63,17677.5,39524,,,,
West Virginia,Randolph County,28785,20.2,99,83.7,17.7,73.6,18.3,10.4,5.38,24604.64,40094,,,,
Indiana,Howard County,82363,18.2,96.9,88.9,20.4,84.2,16.5,9.4,3.81,26252.54,47958,,,,
Mississippi,Sunflower County,25981,11.9,98.7,72.2,14.5,73.7,32.5,17.9,8.23,15969.63,28556,,,,
Minnesota,St. Louis County,2.00E+05,17.7,95.9,93.6,28.4,84.4,15.4,4.9,4.64,29999.1,50936,,,,
Alabama,Talladega County,80065,16.5,97.3,80.5,13.6,78.5,19.3,10.2,4.96,21548.16,39219,,,,
Georgia,Wilkes County,9892,22.1,94.3,78.6,14.3,55.6,26.5,16.1,5.68,21021.05,34234,,,,
Hawaii,Maui County,166260,16.1,77.6,92.1,26.3,88.6,10,6,2.54,31637.71,72762,,,,
Texas,Aransas County,25572,25.9,84.4,83.6,19.5,87.2,17.8,18.3,6.76,28309.38,44601,,,,
Iowa,Henry County,19863,17.7,93.9,92.1,19.9,83.7,12.2,4.4,2.99,27988.61,52275,,,,
Nebraska,Boone County,5352,21.8,97.5,93.8,19.8,82.2,7.3,5.4,2.47,29211.69,53854,,,,
Arizona,Coconino County,140776,11.1,76.1,89.7,35.4,87.5,21,13.7,5.55,27266.04,53523,,,,
Texas,Collin County,969603,10.1,73.2,93.6,50.9,96.6,6.9,11.1,3.41,40932.74,90124,,,,
Iowa,Tama County,17058,19.1,89.6,91.1,16.5,85.3,11.8,6.3,3.49,27139.68,56110,,,,
North Carolina,Clay County,11074,28.8,97.3,89.2,23.1,84.6,17.5,15.6,5.03,25969.34,37070,,,,
Mississippi,Covington County,19079,15.9,98.6,81.7,16.1,77.9,23.1,15.7,4.82,18041.97,36471,,,,
South Carolina,York County,266439,13.4,93.1,89.1,31.1,89.6,12.3,9.5,3.97,30346.72,59394,,,,
Idaho,Fremont County,13094,16.3,90.1,87.9,21.1,85.5,11.9,12.6,2.66,22381.14,51806,,,,
North Carolina,Iredell County,175711,14.9,90.7,88.7,26.9,87.3,12.7,10.7,4.25,29667.67,55957,,,,
South Dakota,Hamlin County,5948,16.3,95.6,92.6,21.6,89.4,5.6,5.9,3.67,27630.38,61784,,,,
Montana,Sheridan County,3469,21.9,97.5,91.8,20.8,87.1,12.2,9,2.74,34014.29,51940,,,,
Kentucky,Nelson County,45640,14.1,97.8,89.4,17.5,84.4,11.4,6.1,4.39,28111.67,55182,,,,
Washington,Island County,83159,22.7,91.9,94.9,32.4,93.1,9.5,6.5,5.21,34003.91,61516,,,,
North Dakota,Oliver County,1940,24.8,94.7,88.7,19.6,83.5,3.1,11.2,4.17,38246.75,71500,,,,
West Virginia,Jackson County,28976,19,99.5,85.9,16.2,74.3,14.7,7.4,5.73,21620.38,41731,,,,
Florida,Calhoun County,14483,17.7,93.1,77.4,9.6,74.3,12.9,19,4.89,17093.01,36237,,,,
Michigan,Gogebic County,15342,24.2,96.7,92.3,18.4,75.9,20.4,10.6,6.14,23863.03,36689,,,,
Texas,Brown County,38053,19.2,92.1,85.6,17.8,78.8,16.4,14.8,3.84,23448.28,43062,,,,
Kansas,Rice County,9660,17.8,91.8,89.1,22.5,82,16.4,11.6,3.22,24597.02,48333,,,,
Mississippi,Lamar County,61374,12.3,96.1,90.6,35.9,89.3,16.3,12.5,3.83,27308.06,56129,,,,
Oregon,Yamhill County,105722,15.9,85.6,88.3,25.4,90.6,13.7,7.7,3.78,28763.33,58392,,,,
North Dakota,Golden Valley County,1789,20,99.4,90.6,22,77.2,9.4,15.1,1.99,30891.87,44018,,,,
Michigan,Calhoun County,134128,16.6,94.2,91,21,83.2,17.4,6.9,5.01,24972.02,46213,,,,
Texas,San Jacinto County,28270,20.3,89.5,82.9,10.1,82.8,17.2,18.1,5.63,20463.45,43421,,,,
Alaska,Ketchikan Gateway Borough,13856,13.5,90,91.9,24.1,91.2,10.6,14.1,6.31,32635.69,67321,,,,
California,San Benito County,60310,11.7,59.4,79.1,19.2,93.1,9.7,9.6,5.82,28994.33,80760,,,,
Ohio,Hocking County,28474,18,98.8,89.3,14.1,81.4,14.2,8.5,5.38,23557.49,48073,,,,
Montana,Missoula County,117441,14.1,96.2,95.1,42.6,91.5,15.9,9.7,3.62,29841.56,49412,,,,
Kentucky,Ballard County,8039,19.4,96.7,85.3,14.1,78.8,18.2,10.9,7.64,24566.67,42988,,,,
Oregon,Sherman County,1758,25.7,97.2,92.9,17.6,87.3,13.7,18,4.79,34187.5,42074,,,,
Texas,Hidalgo County,860661,10.4,15.7,63.7,17.8,81.3,31.8,31.6,7.39,15223.53,37097,,,,
Texas,Hardeman County,3994,20,85.1,77.5,14.4,80,13.8,17.5,3.87,20551.55,37995,,,,
Kansas,Republic County,4691,27.2,97.5,95.1,23.3,75.3,11.7,5.7,2.8,27656.5,43489,,,,
Maine,Aroostook County,67653,22,84.5,87.6,18.5,79.8,17.5,9,4.81,23754.26,39021,,,,
Texas,Childress County,7067,15.2,84.6,83,18.5,77.3,19.6,17.2,2.96,20350,40432,,,,
Kentucky,Pulaski County,64449,18,97.5,81.4,15.2,76.1,25.2,7.5,5.58,20732.38,35022,,,,
West Virginia,Grant County,11670,22.9,98.3,80.8,14.5,68.3,12.7,7.3,5.62,19774.62,40093,,,,
Alaska,Yakutat City and Borough,605,13.9,85.6,91.9,19.6,89,6.2,20.1,9.36,29311.67,64583,,,,
Arkansas,Cleburne County,25048,26,97.1,84.4,15.9,79.3,15.4,11.4,4.9,25146.38,42312,,,,
South Dakota,Dewey County,5835,9.6,85.9,84.6,14.6,58.5,31.4,29.9,10.21,16336.73,41190,,,,
Massachusetts,Plymouth County,515142,16.7,87.3,92.7,35.7,90.9,8,2.6,3.9,38890.74,82081,,,,
Kansas,Kiowa County,2485,19.9,90.9,90.1,27.6,81,8.7,7.8,2.53,26359.66,48226,,,,
Indiana,Bartholomew County,82040,15.4,88.6,90.2,31.2,85.1,12.4,10.2,2.72,29171.65,57331,,,,
Georgia,Gwinnett County,920260,8.9,65.6,87.5,35.3,94.6,12.1,18.3,4.23,26866.03,64496,,,,
Arkansas,Franklin County,17890,18.7,98.1,80.9,11.3,72,21.9,8.2,3.47,19290.2,39472,,,,
Texas,Wharton County,41968,15.9,75.4,78.9,15,78,17.5,18.1,4.46,25902.61,50145,,,,
North Dakota,Ward County,68946,11.8,94.8,93.5,27.9,90.9,8.4,7.7,3.22,33727.05,64159,,,,
Iowa,Louisa County,11184,16.7,82.1,81.5,14.9,82.3,11,4.7,3.3,26792.13,54393,,,,
Ohio,Athens County,66597,11.7,94.4,89.6,29.6,84.7,30.2,6.9,6.05,21759.68,37191,,,,
Texas,Winkler County,7574,11.2,62.3,69.6,10.7,80.9,17.9,23.3,5.22,22424.67,55000,,,,
Mississippi,Benton County,8312,17.3,97.5,73.1,10.3,77.4,20.2,17.5,5.53,16715.11,40605,,,,
Utah,Millard County,12863,15.9,85.7,89.6,21.4,90.2,11.6,13.7,3.29,23417.69,59312,,,,
West Virginia,Marshall County,31190,20.1,98.6,90.3,17.1,78.7,15.2,7.7,6.01,23360.64,42473,,,,
Nebraska,Gage County,21601,20.4,97.3,89.9,20.3,82.7,9.1,5.1,3.52,27692.95,52223,,,,
Indiana,Madison County,129498,17.3,96.4,87.7,17.5,82.9,17.4,10.3,3.94,24348.95,45432,,,,
Michigan,Roscommon County,23895,30.5,98.6,88.7,14.2,81.4,19.8,9,8.91,21877,37834,,,,
Kentucky,Franklin County,50485,16.2,94.8,87.3,28.4,86.3,13.1,9.5,4.14,28140.09,53539,,,,
Iowa,Hancock County,10771,21,96.2,93.4,20.7,82.1,9.1,5.1,2.61,30134.82,57840,,,,
Arkansas,Pulaski County,393956,14,92.2,90.4,33.7,84.2,17.3,10.1,3.38,28876.31,48850,,,,
South Carolina,Spartanburg County,306854,15.4,90,84.9,23.8,84.2,15.6,12,4.02,24644.53,47575,,,,
Kentucky,Meade County,28154,13,97.6,87.8,17.4,86.5,13.1,7.8,5.18,24924.43,53732,,,,
Pennsylvania,Montgomery County,826075,16.7,86.5,94.1,48.2,91.1,6.4,4.5,3.86,45567.06,84791,,,,
Arkansas,Izard County,13686,24.8,95.9,82.9,12.9,81.8,17.7,8.2,5.46,19656.79,39135,,,,
Mississippi,Harrison County,205027,13.6,92.8,87,22.2,83.2,20.5,16.9,4.79,22829.76,44684,,,,
North Dakota,Richland County,16351,16.3,96.7,91,22.2,85.3,9.7,4.3,2.35,31913.57,60551,,,,
California,Tulare County,464493,10.7,48.5,68.6,13.8,80.9,27.1,12.2,10.42,18604.48,44871,,,,
Hawaii,Hawaii County,200381,18.5,80.5,92.3,28.6,85.1,17.4,6,2.81,25482.99,56395,,,,
Illinois,Mason County,13715,21.6,98.6,88.8,15.4,80.2,13.9,5.5,5.96,25885.46,44695,,,,
Iowa,Pocahontas County,6846,22.3,96.4,92.1,15.7,83.1,13.2,5.6,2.48,28252.8,45969,,,,
South Dakota,Sully County,1407,19.8,98.3,95,24.9,80.2,3.3,9,3.2,38679.57,60694,,,,
Virginia,Rockbridge County,22659,24.3,96.8,85.7,25.8,75,15.6,11,4.09,30253.09,53918,,,,
Kentucky,Carter County,27144,17.4,99.2,78.9,14,75,21.5,9.9,9.57,18295.29,35095,,,,
Louisiana,Pointe Coupee Parish,22268,18.7,95.4,78.8,15.8,76.2,17.5,14.1,5.59,26147.41,43964,,,,
Illinois,Iroquois County,27876,20.5,93.7,89.5,14.3,82.5,15.5,7.2,4.46,26824.15,48857,,,,
Kansas,Johnson County,591178,13.1,88.7,95.7,54.6,94.5,5.6,6.4,3.01,42703.13,81121,,,,
Florida,St. Lucie County,313506,22.8,77.9,86.2,19.6,87.3,16.6,15.5,5.07,23333.09,47132,,,,
Georgia,Washington County,20313,16.2,96.8,78.7,13.1,73.5,27.1,14.4,6.01,20184.65,38097,,,,
Georgia,Lamar County,18599,16.2,97.7,85.5,18.4,82.2,20.8,16.7,5.67,19760.29,41157,,,,
North Dakota,Slope County,771,24.2,97.7,88.3,26.8,72.2,6.8,8.3,1.87,35487.16,61250,,,,
Texas,Tyler County,21539,21.1,91.1,84.6,12.1,78.2,15.8,15.4,7.31,22984.38,44396,,,,
North Carolina,Avery County,17536,20.6,93.7,80.5,20.2,75.9,14.7,16.3,4.35,26362.67,37109,,,,
Georgia,Gordon County,57089,13.6,84.6,76.9,13.7,79.6,18.8,16.4,4.64,20584.29,43452,,,,
Kentucky,Daviess County,100374,16.2,95.9,89.1,21.6,84.1,15.8,5.5,4.43,27052.67,48371,,,,
Washington,Pacific County,21626,28.7,89,87.5,17,83.6,18.6,9,7.04,22415.32,39895,,,,
Texas,Ector County,157087,9.5,55.1,75,15,86.8,12.3,22.5,4.11,26693.65,59528,,,,
Utah,Rich County,2391,16.9,95.1,98.1,22.8,93,18,17.5,3.2,18918.02,52917,,,,
Arkansas,Howard County,13478,17,85.7,81.3,15.3,77,21,11.8,3.04,22078.33,34851,,,,
Tennessee,Sumner County,183545,14.8,93.6,89.6,26.5,88,9.7,9.4,2.96,29903.7,61584,,,,
Alabama,Cleburne County,14900,18.5,97,75.8,12.4,73.9,19.1,14.4,4.46,20158.98,37396,,,,
California,Tehama County,63926,18.5,80.8,84,14.4,82.2,20.9,8.8,6.37,22331.56,42512,,,,
Texas,Colorado County,21232,20,76.4,82.1,18.9,78.1,12,13.4,3.84,25121.48,50241,,,,
Florida,Washington County,24567,17.3,96.1,80.5,11.3,79.7,21,13.3,4.34,19881.32,36989,,,,
Vermont,Caledonia County,30164,18.4,97.1,90.6,27.9,82.8,12.3,5.5,3.7,25620.58,47371,,,,
New Mexico,Quay County,8306,24,78.9,84.4,15.4,67.9,21.6,6.2,6.23,15731.99,26663,,,,
Iowa,Crawford County,17056,16.8,74.5,78.7,13,79.1,18.5,10,4.14,27706.54,51091,,,,
Oregon,Gilliam County,1855,25.1,93.4,88.9,19.2,79.8,9.9,10.8,4.16,23588.94,39831,,,,
Iowa,Davis County,8966,17.5,83.3,85.3,17.8,71.8,13.7,25.1,3.34,25385.82,52390,,,,
Texas,Angelina County,87805,15.3,82.2,81.1,16.7,86.4,19.1,19.5,5.07,22135.53,46472,,,,
Iowa,Boone County,26484,16.9,97.4,93.8,24.2,88.5,9.4,4.2,2.47,30778.88,57906,,,,
Tennessee,Davidson County,691243,11.4,83.2,88,39.1,89.1,16.9,13.4,2.75,32091.67,53419,,,,
Illinois,Jackson County,58284,13.7,90.7,92.1,36.2,85.8,27.9,7.5,4.4,24632.46,36008,,,,
Oklahoma,Payne County,81575,11.6,92.3,91.3,36.8,88.6,26.3,12.5,3.63,24527.2,39149,,,,
Virginia,Isle of Wight County,36552,17.4,96.7,87.6,26.9,85.6,10.3,6.9,3.9,32769.17,67767,,,,
Georgia,Richmond County,201800,12.8,93.9,83,21,81.9,24.2,14.4,5.95,20498.5,39430,,,,
Arkansas,Union County,39449,16.8,96.4,83.9,20.1,71.4,20.1,12.1,5.29,23174.59,41106,,,,
North Dakota,Grand Forks County,70795,11.5,93.9,94.3,34,89.5,17,7.2,2.18,32330.91,51410,,,,
Ohio,Richland County,120589,18.5,96,86.9,17.2,81.8,15.6,9.5,5.51,24227.73,44138,,,,
Virginia,Loudoun County,398080,8.3,68.6,93.5,59.8,96.6,3.7,6.8,3.04,49456.68,129588,,,,
Kentucky,Pendleton County,14573,14.8,98,82.8,12.4,79.1,15.1,6.5,4.75,22340.29,49706,,,,
Maine,York County,204191,18.6,93.2,92.7,30.9,89,8.5,8.4,2.91,33773.11,62618,,,,
Oklahoma,Greer County,5843,17.7,93.9,85.1,14.3,78.5,19.2,14.2,5.33,22530.3,35898,,,,
West Virginia,Mingo County,24127,16.6,99.6,74.4,9.2,74.7,28.9,6.7,8.65,19700,31227,,,,
Missouri,Scott County,38541,17.1,97.4,83.5,13.6,79.8,20.1,12,4.53,22621.12,41628,,,,
Massachusetts,Suffolk County,797939,11.3,60.3,85.2,43.6,87.7,19.6,4.1,3.39,38224.07,61242,,,,
South Carolina,Edgefield County,26693,17.2,93.9,81.5,19.5,77.3,15.5,10,4.57,24819.77,47500,,,,
California,Amador County,38626,25.6,88.9,89.7,22.1,86.8,10.6,5.6,4.9,31931.22,60636,,,,
Virginia,Pulaski County,34184,21.4,97.7,85.4,18.5,78.8,13.9,8.9,5.35,26845.18,49691,,,,
Alabama,St. Clair County,88199,15.5,97.3,84.2,16,84.8,13.7,7.9,3.97,24731.8,53483,,,,
Ohio,Hardin County,31364,15,95.4,89,15.5,79,16.6,9.6,4.96,21930.08,46404,,,,
Georgia,Bacon County,11319,14.8,91.4,82.5,11.8,80.4,23.2,18.6,4.54,18892.88,38824,,,,
Virginia,Wise County,38586,16.3,97.9,75.6,13.9,79.3,19.9,11.6,6.78,22083.47,38255,,,,
Ohio,Fairfield County,154733,14.8,96.1,91.9,26.6,89.3,9.9,5.7,4.26,29334.7,63424,,,,
Nebraska,Gosper County,2028,22.8,99.2,94.3,24.1,82.4,5.7,7,2.6,32761.16,61769,,,,
Montana,Sweet Grass County,3691,26.4,98.1,94,25.4,79.8,10.4,7.1,3.13,27800.84,49761,,,,
Illinois,Peoria County,183011,15.5,91.2,90,30.2,84,15.9,6.6,5.77,29575.31,53063,,,,
Indiana,Spencer County,20394,18.1,96.7,89.8,15.9,78.3,9.7,6.5,3.36,28392.03,55280,,,,
Mississippi,Itawamba County,23508,16.7,98,77.7,13,78.9,18.4,11.7,4.27,21300.39,38358,,,,
South Dakota,Hughes County,17666,15.6,95.7,90.8,34.4,82.3,11.3,7.7,2.79,33805.88,59741,,,,
Oregon,Benton County,90951,14.6,86.1,95.4,53.8,94.7,20.7,6.3,3.26,32057.56,54682,,,,
Colorado,Douglas County,335299,10.4,90.7,97.9,58,97.8,3.6,3.6,2.39,48499.64,111154,,,,
Kansas,Douglas County,120793,10.8,90.7,95.3,50,93.6,18.7,8.7,3.16,30301.65,54370,,,,
Montana,Custer County,11721,18.6,97,92.1,22.4,84,9.8,8.4,3.18,29187.66,53050,,,,
Kentucky,Clinton County,10276,18.5,96.2,71.7,10.1,65.2,20,11.8,6.58,18642,31130,,,,
Kansas,Crawford County,39034,14.9,94.1,90.3,28.9,84.1,21.1,11.8,4.18,21068.67,38017,,,,
Missouri,Pike County,18567,16.9,95.9,83.6,15.5,78.3,15.1,11.6,3.49,23984.17,45112,,,,
Pennsylvania,Schuylkill County,142569,19.4,95.5,88.3,16,79.3,12.5,6.8,5.86,25893.99,47642,,,,
Louisiana,West Feliciana Parish,15380,13.2,96.7,81.5,23,82.5,12.5,6.6,4.2,24962.38,55647,,,,
Arkansas,Arkansas County,17967,18.1,97.8,82.6,14.1,79.2,20.7,8.4,3.26,23320,38532,,,,
Arizona,La Paz County,20601,37.3,81.1,77.2,11.2,73.7,19.7,12.3,5.38,20799.13,36479,,,,
Illinois,Grundy County,50586,13.1,91.9,93.3,22.6,90,9.4,5,5.93,32196.96,71598,,,,
Alabama,Jefferson County,659197,14.6,94.1,89.4,31.9,84.4,17.6,10.3,4.24,29259.76,49321,,,,
Maryland,Wicomico County,102923,14.7,88.6,88.6,27.8,88.1,15.9,8.3,5.68,27842.75,54493,,,,
South Dakota,Kingsbury County,4952,22.2,96.4,90.7,22.2,80.6,9.5,4.5,3.19,34296.68,58794,,,,
Virginia,Prince George County,37809,12.6,91.6,89.6,23,88.6,12.3,8.7,4.44,28085.23,68461,,,,
Oregon,Clackamas County,412672,16.5,87.9,93.2,35.4,92.4,9,6.8,3.74,37136.05,72408,,,,
Arkansas,Boone County,37381,19.8,98.6,85.2,16.2,82.2,15.8,8.9,3.43,21939.27,40727,,,,
Missouri,Holt County,4413,23.4,99.2,91.2,21.7,79.7,12,9.4,2.92,26572.12,43981,,,,
Arkansas,Miller County,43984,15.7,97.8,85.1,15.8,82.8,21,13,4.31,22106.83,41862,,,,
Iowa,Scott County,172509,14.9,93.9,92.4,31.9,84.3,12.3,5.7,3.7,30383.27,57681,,,,
Texas,Young County,17979,19.7,86.3,82.6,19.6,83.4,16.5,20.3,3.79,25651.78,46351,,,,
New Hampshire,Rockingham County,306363,16,93.9,95,40.6,93.2,4.8,5.7,2.89,43446.4,85619,,,,
Illinois,Rock Island County,144808,17.9,87,88.8,22.7,84.4,14.6,7.1,5.02,28176.6,51426,,,,
New York,Otsego County,60094,19.3,94,91,29.6,86.2,16.1,6.4,5.08,28629.18,51254,,,,
Florida,Collier County,372880,30.2,67.5,86.5,34.9,91.2,12.8,17.6,4.07,39800.78,62407,,,,
Iowa,Webster County,36605,17.3,96.3,91.4,20.4,81.3,16.2,5.8,3.77,25813.27,42148,,,,
Texas,Dawson County,12813,14.4,62,72.6,12.7,78,18.5,16.5,4.88,23957.47,43201,,,,
Texas,Roberts County,938,20.7,93.6,92.8,31.2,91.7,3.3,6.2,3.66,34038.83,79167,,,,
Indiana,Randolph County,24922,18.9,97.4,85.8,13.7,82.4,17,12.3,4.14,23894.92,44985,,,,
North Dakota,Williams County,33349,9.4,92.5,92.6,22.6,91.9,9,11,2.51,45974,89874,,,,
Kentucky,Owsley County,4435,16.5,99.1,70.1,15.7,69.3,33,7.1,8.08,16019.54,22736,,,,
Montana,Granite County,3358,27.5,98.4,89.7,25,84.3,9.9,10.5,5.86,28635,49063,,,,
Wisconsin,Rusk County,14151,22.8,97,87,14.8,78.9,15.2,10.1,4.42,24130.04,41930,,,,
Arkansas,Saline County,119323,16.8,94.6,90.1,25.5,87.7,8,7.6,3,27566.04,58985,,,,
South Dakota,Union County,15029,16.6,97.4,91.4,30.6,87,7.3,7.3,3.68,37133.05,65434,,,,
Georgia,Jasper County,13964,16.4,96.6,76.1,10.5,79.3,19.4,14,4.33,19602.25,42067,,,,
Georgia,Miller County,5838,20.8,99.6,82.1,11.4,59,23.3,13.6,4.54,20617.14,37255,,,,
Kentucky,Muhlenberg County,30816,18.1,98.1,79.9,11.3,74.4,20.5,8.3,6.7,19679.47,40037,,,,
Georgia,DeKalb County,753253,11.1,81,88.7,42.1,91.6,17.6,16,4.81,31113.26,55876,,,,
Illinois,Cumberland County,10908,18.5,98.8,88.6,15,80.1,14.3,6,3.9,24182.87,50680,,,,
Iowa,Jasper County,36966,18.4,97.8,93.1,18.1,84.4,9.1,5,3.14,28422.41,56363,,,,
Mississippi,Washington County,46221,14.1,97.7,78.8,19,74.2,33.7,18.8,7.43,18540.38,29387,,,,
Indiana,LaGrange County,39303,13,56.5,63.3,9.9,63.9,9.1,39.7,2.55,22592.45,58336,,,,
Texas,Loving County,134,24.3,83.8,79.7,4.7,93.5,17.1,24.3,5,32685.77,80938,,,,
Alaska,Haines Borough,2526,22.5,88.8,96.6,34.7,93.5,8.4,19.4,9.09,37141.41,70640,,,,
Minnesota,Carlton County,35498,16.5,96.8,93.9,21.5,82.9,12.1,5,4.8,27742.97,58874,,,,
Kansas,Linn County,9726,21.2,99.4,89.3,14.1,76.4,17.4,10.5,5.86,26800.47,46576,,,,
North Carolina,Currituck County,26331,15.4,96.4,87.6,22.9,89.7,9.1,12.9,4.46,29454.09,65758,,,,
Alabama,Chilton County,44067,15.5,92.3,81.8,15.1,73.8,19.4,14.8,4.05,22793.82,43501,,,,
Virginia,Buena Vista city,6327,17.7,98.1,83.1,16.3,69.8,20.8,17.3,4.37,19881.82,33672,,,,
Minnesota,Stearns County,157822,13.8,90.8,92,27.2,89.1,13.1,4.4,3.37,29796.81,59564,,,,
Texas,Kleberg County,31088,12.7,57.9,77.9,24.1,86.8,23.7,18.3,5.95,20508.52,41700,,,,
Nebraska,Keith County,8072,25.9,94.4,91.6,22,85,13.1,11,3.03,29146.53,45078,,,,
Wyoming,Weston County,6927,18.2,96.5,91.9,19.8,82.9,14.4,12.8,3.98,33296.7,59605,,,,
West Virginia,Pleasants County,7512,17.9,99.2,89.4,13.8,82.9,16.6,6.7,6.97,26700.41,45152,,,,
New York,Bronx County,1471160,11.8,40.7,71.5,19.4,82.4,29.7,11.1,6.2,18852.63,36593,,,,
Illinois,Saline County,24102,19.2,97,86.8,16.4,78,20.6,7.1,6.36,22704.98,40722,,,,
Tennessee,Dyer County,37463,16.5,96.5,83.5,18.1,80.8,18.1,9.8,4.84,24957.2,44386,,,,
Texas,Jasper County,35561,18.4,93.8,85.9,11.6,75.7,16.8,18.2,7.44,19957.64,41960,,,,
California,Tuolumne County,54248,24.1,92.1,90.7,20.6,86.4,13.6,6.6,5.39,33242.73,54325,,,,
Nebraska,Thurston County,7223,12,94.7,86.4,16,77,30.5,28.2,4.99,18863,44701,,,,
Louisiana,Catahoula Parish,9875,15.9,97.9,77.4,13.9,66.1,21.8,20.5,7.05,22420.33,34470,,,,
Missouri,Gentry County,6665,19.4,97.3,89,20,79.8,18.1,9.5,2.86,21596.69,43777,,,,
North Carolina,Alexander County,37286,18.8,94.7,81.9,13.9,76.4,14.7,11,3.67,22385.82,44523,,,,
South Carolina,Newberry County,38488,18.3,92.6,80.5,17.1,72.9,19.8,9.9,4.17,22321.86,39600,,,,
New Mexico,Sierra County,11116,34.5,79.3,84.1,19.2,73.2,21.2,7.6,7.91,22846.57,29690,,,,
North Dakota,Ransom County,5297,20.6,97.7,90.1,19.1,83,6.6,4.1,1.93,34284.44,62524,,,,
Idaho,Franklin County,13564,13.4,94.8,90.7,20.2,88.3,12.2,12.3,2.28,20349.84,51583,,,,
Arkansas,White County,79016,15.4,94,84.6,20.8,82.9,16.6,10.2,4.53,23714.84,44074,,,,
Pennsylvania,Butler County,187108,17.3,97,94.1,34.6,87.4,8.4,4.3,4.6,36026.47,66037,,,,
North Carolina,Davidson County,165466,17,92.3,83.4,18.1,82.4,15.8,11.5,4.35,24135.6,45806,,,,
Michigan,Baraga County,8441,20,96.6,86.3,15.5,78.5,14.4,6.8,8.01,24443.95,42757,,,,
North Dakota,LaMoure County,4087,24.6,89.9,86,23.2,79.5,10.7,6.7,1.87,37784.75,57463,,,,
South Dakota,Walworth County,5543,23.3,92.9,88.6,22.3,73.5,10.2,10,5.14,29164.32,46623,,,,
Mississippi,Attala County,18477,18.3,97.8,77.4,12.3,74.9,22.6,11.5,6.14,20550,33815,,,,
California,San Diego County,3337685,12.9,62.3,86.7,37.4,92.7,13.3,10.4,4,33502.79,70588,,,,
Wisconsin,Racine County,196071,15.2,91.6,89.6,24.4,86,11.9,6.4,4.07,29900,58334,,,,
Nevada,Eureka County,1961,14.4,99.9,91.2,13.5,82.6,10,13.6,3.05,34963.56,67159,,,,
Maine,Piscataquis County,16773,24.6,96.5,90.4,17.8,81.1,18.7,12.3,4.02,23181.17,38797,,,,
Kansas,Woodson County,3147,23.3,98.3,88.4,13.7,73.3,20.6,13,4.47,22388.46,36493,,,,
Texas,Cass County,30012,21,96.4,86,15.3,70.1,18.5,15.6,5.95,21452.19,41432,,,,
Kansas,Decatur County,2885,27.2,96.5,91.3,21.9,81.7,17.5,11.7,3.08,31445.13,41230,,,,
Kentucky,Robertson County,2134,22,94.3,74.7,17.2,63.8,30.4,7.9,6.21,21964.73,30694,,,,
Oregon,Lincoln County,48920,25.9,92.2,89.4,24.1,87,18.4,11.7,4.75,25454.87,43291,,,,
Pennsylvania,Lycoming County,113841,17.9,96.6,89.5,22.1,83.1,14,6.5,5.65,26920.59,50634,,,,
Missouri,Newton County,58290,17.2,93.8,87.1,19.4,81.5,12.9,13.6,3.6,25663.18,46723,,,,
Pennsylvania,Sullivan County,6089,26.9,97.3,88.7,16.5,78.5,13.1,9.3,5.79,26732.72,45519,,,,
Texas,Howard County,36040,12.5,70.8,79.8,12.9,82.1,13.9,16.3,4.3,24353.19,50855,,,,
Kansas,Brown County,9641,18.8,98.2,93.3,21.2,81.7,13.2,8.4,3.21,24857.68,46964,,,,
Montana,Fallon County,3009,16.1,98.4,95.8,15.9,87.6,5.8,9.6,2.68,32733.04,56806,,,,
Arkansas,Bradley County,10864,18.4,86.8,81.4,14.4,72.4,26.4,13.4,4.68,21690.25,36310,,,,
Kentucky,Oldham County,66415,12,95.6,93.5,40.4,94.4,5.6,3.8,3.52,39295.27,92237,,,,
Maine,Lincoln County,34204,25.8,96.7,93,33.1,89,11.8,11.1,3.23,32036.07,54041,,,,
Kansas,Clark County,2004,21.5,91,93.4,33.1,77.5,8.9,8.8,2.54,26939.01,46094,,,,
Missouri,Gasconade County,14726,21.6,98.6,87.6,17.1,82.9,12,6.4,3.91,26505.08,50687,,,,
Georgia,Bryan County,37060,10.1,92.2,91.5,32.4,91.3,14.1,12.2,4.23,29387.19,68589,,,,
Illinois,Bond County,16948,17,96.2,89.1,19.3,81.7,15.7,6.3,4.34,26432.93,54393,,,,
California,Kings County,150101,9.5,59.8,72.9,13,85.5,20.9,10.3,8.87,20890.25,49742,,,,
Arkansas,Lawrence County,16525,19.3,98.8,84,15.5,74.6,18.4,9.7,3.77,19281.3,37603,,,,
Wyoming,Niobrara County,2397,19,96.8,89.5,18.3,85.8,14.9,15.9,2.73,24926.58,36793,,,,
Kansas,Stevens County,5612,12.9,69.7,81.3,16.2,90,16.8,15.6,3.2,24346.18,57500,,,,
Oregon,Morrow County,11166,15.3,68.8,75.3,9.8,84.8,14.7,12.1,4.42,22024.11,54386,,,,
Georgia,Morgan County,18412,18.4,97.9,86.6,22.1,86.4,13.4,12.8,4.54,28585.71,59572,,,,
Virginia,York County,67739,14.7,89.6,94.1,43.6,94.2,5.2,5.7,3.56,37912.87,86781,,,,
Minnesota,Stevens County,9634,17.2,92.7,92.4,28.8,86,15.4,2.3,2.66,31703.1,57552,,,,
Colorado,Rio Grande County,11301,18.3,72.8,83.3,23.7,74.6,18.1,13.3,4.33,22620.34,38534,,,,
Georgia,Baldwin County,44906,14.4,96.3,82,19.4,78.3,27.8,12.4,5.94,20622.05,37008,,,,
Kansas,Wyandotte County,165288,11.5,73.6,78.8,16.7,82.8,21.4,19.7,5.19,19463.37,42783,,,,
New Mexico,Luna County,24078,20.4,48.6,67.1,14.1,70.1,31.8,14.4,14.11,15268.44,27602,,,,
Nebraska,Frontier County,2631,24.1,98.7,96.1,19.5,79.9,10.9,9.3,2.57,29046.43,52090,,,,
Nebraska,Dawes County,8890,17.5,95,95.2,37,79.4,14.3,12.6,2.75,26204.95,46146,,,,
Illinois,Moultrie County,14688,18.3,92.3,85.3,18.1,79.1,12.1,13.6,3.84,26411.84,53979,,,,
South Dakota,Jerauld County,2028,25.9,96.7,89.7,19.3,82,8.9,7.2,2.42,39696.8,49882,,,,
Nebraska,Cheyenne County,9676,17.4,96.6,94.9,26.3,85.7,10.9,6.9,2.93,33140,58770,,,,
Wisconsin,Oconto County,37553,19.1,97.3,90.5,16.8,83.8,9.1,5.1,3.53,28367.65,55762,,,,
Nebraska,Red Willow County,10728,19.2,98.7,94.1,18.7,83.5,11.7,9,2.53,25796.93,42882,,,,
Kansas,Harper County,5590,21.5,93.7,88.9,17.5,82.2,16.8,13.1,3.73,25742.62,48059,,,,
Florida,Highlands County,102883,34.5,81.2,84,17.1,78,18.7,14.2,5.62,22077.31,36374,,,,
Texas,Cottle County,1387,25.6,76.2,75.4,16.7,71.1,24.5,16.6,4.26,20539.82,33534,,,,
Maryland,Talbot County,37103,26.9,92.5,89.5,37.4,87.6,10,6.2,3.99,44539.11,65595,,,,
Montana,Jefferson County,11891,19.1,97.9,94.8,32.9,87.7,9.9,9.5,4.3,31992.86,64911,,,,
Colorado,Phillips County,4292,17.4,80.7,89.3,21.6,89.2,8.1,13.4,1.66,27119.12,50076,,,,
Florida,Sarasota County,419119,34.8,87.1,92.5,33.9,89,10.5,12.1,3.84,36093.75,55236,,,,
Virginia,Culpeper County,51282,14.6,90.1,84.9,23.4,86.1,8.9,10.8,3.62,30243.21,69693,,,,
New Mexico,Guadalupe County,4429,23.6,46.3,77.7,13.1,43.7,13,5.5,6.42,13697.99,26060,,,,
Montana,Park County,16353,20.2,97.3,95.7,34.1,85.6,13.4,12.2,4.02,29862.68,44920,,,,
West Virginia,Logan County,32925,17.6,99.2,78.6,8.7,77.8,22.5,9.1,7.5,21257.85,37859,,,,
Nevada,Carson City,54745,19.4,79.9,87,21.6,87.1,14.7,11.6,5.05,28268.22,49341,,,,
North Carolina,Rockingham County,90949,18.9,94.3,81.2,14.7,77.6,18.5,11.2,5.23,22179.34,41700,,,,
Virginia,Caroline County,30461,15.4,94.8,83.5,19.2,82.3,11.9,8.6,4.31,28657.2,60925,,,,
Tennessee,Dickson County,52853,15.2,97,82.9,14.7,76.5,14.5,12.1,3.3,24468.8,47398,,,,
Wisconsin,Marathon County,135732,16.2,91.8,91.8,24.5,85.8,10.3,6.5,2.95,30245.9,56509,,,,
North Carolina,Rutherford County,66551,20.1,96,81.4,17.3,75.6,19.6,12.3,6.15,20544.53,38573,,,,
Virginia,Lunenburg County,12235,20.4,94.8,76.3,10.6,67,18.6,14.3,4.37,19397.25,39537,,,,
New York,Clinton County,80980,15.4,94.5,86.8,21.9,86,15.7,4.9,5.37,28204.74,52759,,,,
South Dakota,Tripp County,5460,21.4,94.9,89.4,22.1,80.1,19.7,9.8,2.88,28419.55,48409,,,,
Indiana,Grant County,66491,18,96.9,87,17.1,81.8,19.1,10.2,3.9,22021.34,42046,,,,
New Jersey,Middlesex County,842798,13.8,56.9,89.3,42,90.1,8.6,8.9,4.09,36804.93,83133,,,,
Louisiana,Union Parish,22571,19,97.2,85.8,12.8,67.7,22,14.5,5.59,19007.22,38916,,,,
South Carolina,Abbeville County,24722,20.1,97.1,78.5,14.7,74.6,22.7,12.1,4.58,18692.91,35254,,,,
Alaska,Valdez-Cordova Census Area,9278,11.8,91.7,95.9,32.7,92.3,7.4,16.6,7.96,30746.27,86019,,,,
California,El Dorado County,188987,18.9,87.6,92.9,33.3,92,9.8,6,4.36,37106.69,74885,,,,
Texas,Jim Wells County,40871,14.3,53.2,73,11.3,64.1,23,19.1,7.53,19932,41103,,,,
Virginia,Dickenson County,14782,20.1,99.1,74.5,9.3,71.3,23,10.7,7.33,20773.97,29916,,,,
Iowa,Taylor County,6178,21.4,92.8,91,14.3,81.1,11,7.9,2.26,27774.45,46825,,,,
Texas,Comal County,141009,17.5,81.8,92.2,36,91.1,9.2,13,3.36,35047.23,73655,,,,
Iowa,Clayton County,17637,21.6,95.9,91.2,15.7,77.4,10.4,7.3,3.97,27832.46,51114,,,,
Indiana,Elkhart County,205032,13.6,81.4,80.8,18.7,82.8,13.8,16.9,2.53,23619.78,52449,,,,
Nevada,Washoe County,460587,15,76.5,87.6,29.8,89.8,13.3,11.8,4.18,31369.17,58595,,,,
Montana,Powell County,6795,19,97,89,18.2,83.3,14.6,11.3,4.36,28711.47,44352,,,,
North Carolina,Lee County,60430,15.4,82.4,82,21.2,82.6,17.5,14.8,5.15,22977.86,49272,,,,
Wisconsin,Juneau County,26576,19.6,96.4,87.1,13.3,81.8,14.3,6.7,3.34,25266.94,48817,,,,
Tennessee,Crockett County,14473,18,91.5,79.2,13,72.9,17.7,14.2,4.14,19953.01,39692,,,,
Alabama,Jackson County,51909,18.7,98.2,81.4,13.4,75,19,10.6,4.77,20061.42,39281,,,,
Texas,Jones County,19983,14.7,80.4,77.6,10.9,82.4,15.9,15.5,5.32,29288.89,48601,,,,
Texas,Real County,3429,34.1,87.8,79.8,21.9,80.1,20.2,27.8,5.72,16893.43,36493,,,,
Vermont,Lamoille County,25337,15.6,96,92.4,37.6,88.7,14,6.9,3.96,31454.24,54899,,,,
Arkansas,Pike County,10726,19.3,94.2,83.3,14.9,74.7,17.3,12,4.06,19614.92,36893,,,,
Illinois,Coles County,51979,15.5,95.7,90.8,26,85.4,21,8,4.59,26958.01,41907,,,,
Georgia,Peach County,27099,14.4,90.3,85.8,20.3,81.4,18.7,14.4,5.85,23483.74,43645,,,,
South Dakota,Lincoln County,56664,11.1,95.4,95,41,93.9,3,4.6,2.49,38485.77,81849,,,,
Virginia,Craig County,5062,21.3,98.5,90.6,19.2,73.4,9.3,8.1,4.37,27474.77,53526,,,,
Minnesota,Goodhue County,46304,18.1,95.9,93.8,24.7,87.8,10.8,6.4,3.25,34298.29,62431,,,,
New York,Onondaga County,465398,15.7,89.5,90.8,35,86.4,14.9,5.2,4.74,31777.59,57271,,,,
Georgia,Ware County,35871,16.5,95.4,82.4,13.5,80.9,24.8,16.4,4.56,20825.94,36962,,,,
Texas,Delta County,5298,19.9,96.2,85.1,17.4,80.7,22.9,15.4,3.26,22918.33,42642,,,,
North Carolina,Scotland County,35093,16.2,96.4,78.4,15.9,72.5,29.8,12.7,7.85,17585.89,32739,,,,
Kentucky,Morgan County,13188,15.1,98.1,74.8,12.2,71.8,25.6,6.6,7.26,19722.88,33523,,,,
Texas,Blanco County,11626,23.7,87,89.9,28.5,88,10.8,19.7,2.72,29945.17,58500,,,,
Florida,Hernando County,186553,27.5,89.1,87.8,17.1,87.6,14.3,13.2,5.13,23017.96,44324,,,,
Wyoming,Crook County,7410,17.9,98.1,92.6,20.7,90,5.1,10.5,3.48,34374.79,66944,,,,
Nebraska,Saunders County,21057,17.4,97.3,93.1,26.5,85.2,9,4.9,2.8,30642.52,65015,,,,
Montana,Dawson County,8950,17.3,98.5,92.6,19.8,86.1,12.3,8.5,3.16,32083.56,59622,,,,
Illinois,DeKalb County,104733,11.5,88.3,92.7,30.6,91,18.1,7.1,4.52,26803.01,58343,,,,
Kentucky,Shelby County,47421,14.3,91.1,86.2,24.3,86.2,12.4,10,3.63,30312.22,63171,,,,
Arkansas,Hot Spring County,33574,18,98.2,85.6,13.8,80.9,15.8,11,3.69,21119.14,40626,,,,
Nebraska,Pierce County,7138,18.6,98.2,94.3,22.5,82.5,6.8,4.1,2.7,28862.29,55417,,,,
Illinois,Warren County,17167,18.1,91.5,87.9,24.3,82.8,13.8,5.1,4.13,26450,47278,,,,
Nebraska,Sioux County,1203,22.9,100,92.6,26.6,79.8,12.4,8.3,3.01,26704.61,45375,,,,
Washington,Thurston County,280588,15.7,88.7,93.8,34.4,91.4,11.6,6.8,4.97,32098.4,66113,,,,
Iowa,Mahaska County,22235,17.4,97.2,91.9,23.8,84.5,14.4,4.1,3.28,26981.74,50568,,,,
Tennessee,Benton County,15986,23.1,98,82.8,12.8,74,22.3,10.9,5.38,20048.12,33702,,,,
North Dakota,Emmons County,3301,28.7,91.8,85.8,15.5,71.6,11.9,6.3,3.99,30708.92,46581,,,,
Texas,Falls County,17437,17,82.1,77,12.1,70.7,25.2,19.2,4.2,17025.09,38834,,,,
Virginia,Roanoke city,99837,15.4,90.6,85,23.2,82.6,21.6,13.6,4.22,24337.39,41483,,,,
Montana,Beaverhead County,9434,21,94.8,94.6,33,84.9,16.1,9.2,3.12,29290.58,43880,,,,
Kansas,Neosho County,16015,18.5,96.6,91.9,19.4,77,21.4,11.7,5.24,23533.88,44402,,,,
Mississippi,Marshall County,35619,15.7,96.5,79.4,13.1,72.1,17.8,16.8,5.08,20051.92,41134,,,,
Ohio,Stark County,372542,18.1,96.5,90.6,22.8,85.2,14,6.5,5.23,27595.83,50117,,,,
Virginia,Greensville County,11679,14.8,94.4,75.3,7.5,77.7,17,13,4.58,21245.06,42121,,,,
West Virginia,Barbour County,16497,18.6,98.5,84.3,15.3,79,22.5,8.1,5.79,20029.84,37516,,,,
Maine,Washington County,31593,22.7,94.2,87.8,20.9,80.5,18.2,12.6,4.91,24753.18,40328,,,,
Kentucky,Jessamine County,53375,13.8,94.6,86.4,30,88.9,18,7.4,3.81,28694.05,55450,,,,
Texas,Rains County,11762,23.5,93.2,82.1,10.8,81.1,13.1,21.5,3.53,22904.65,48308,,,,
New York,Wyoming County,40493,16.1,95.9,88.3,15.4,83.8,11.4,4.9,5.69,27489.12,55459,,,,
New Mexico,Chaves County,64866,15.1,63.9,78.3,19,80.4,21.2,13.5,6.44,20852.21,42177,,,,
Ohio,Summit County,541228,16.6,93.9,91.3,31.6,85.8,13.6,6.8,5.06,30572.8,53291,,,,
Oklahoma,Cherokee County,48888,15.5,92.6,85.4,24,75.9,21.1,23.1,5.46,18205.99,39187,,,,
Louisiana,Ascension Parish,122948,10.7,93.9,88.4,27.6,89.9,11.7,8.5,4.28,30879.43,74748,,,,
Delaware,New Castle County,559793,14.2,85.4,91,35.7,89,11.9,6,4.5,34261.13,68336,,,,
Mississippi,Panola County,33994,14.6,98.4,77.8,14.4,70.4,20.5,14.6,6.76,19144.69,35891,,,,
Louisiana,St. John the Baptist Parish,43441,12.6,93.7,84.2,16.4,84.4,17.9,12.7,6.08,23711.15,53628,,,,
New Mexico,Sandoval County,142507,15.7,72.3,90.4,30.1,87.2,14.7,10.8,6.17,26522.86,60345,,,,
Colorado,Cheyenne County,1845,12.8,88.2,90.3,21.9,83.2,11.8,16.4,1.75,23390.71,54907,,,,
Kentucky,Nicholas County,7130,16.7,96.3,79.4,10.4,71.4,27.8,11.6,5.35,21648.81,38900,,,,
Maryland,Carroll County,167781,15.6,95,92.2,34.6,90.1,5.5,3.7,3.38,40052.4,90510,,,,
Montana,Rosebud County,9248,14.4,89.9,87.6,18.8,76.1,19.1,19.3,5.18,22913.24,54709,,,,
Louisiana,Beauregard Parish,36928,14.9,94.9,84.7,16.3,83,17.3,14.8,5.34,23688.97,47350,,,,
Ohio,Wood County,130492,14.1,94.8,94.2,32.2,90,13.4,5.1,4.4,31085.66,58033,,,,
Colorado,Clear Creek County,9574,17.9,95.6,97.9,46.4,93.2,6.8,9.6,2.61,42389.95,68534,,,,
South Dakota,Spink County,6410,20.4,94.2,92,21.9,83.8,9.9,7.5,3.47,32075.31,52000,,,,
Georgia,Lowndes County,115489,11.1,93.7,84.4,25.2,84.7,25,16.7,4.7,20632.23,39911,,,,
Iowa,Washington County,22281,18.4,90.5,91.4,21.1,84.5,9.1,8.4,2.91,28416.73,59157,,,,
Arkansas,Crawford County,62996,15.6,93.4,85.9,14.5,81.8,16.6,10.8,3.54,21998.06,43504,,,,
Iowa,Polk County,481830,12.1,87.4,91.4,35.3,90.9,11.7,5.7,3.07,33209.49,63530,,,,
Montana,Petroleum County,523,22.1,99.8,98.1,25.3,83.5,10.1,19.9,4.69,29115,46429,,,,
North Dakota,Cass County,177787,10.9,92.3,94.3,38.3,91,11.2,6.9,2.08,35122.91,58026,,,,
Alabama,Russell County,57045,13,94.8,82.9,16.9,80.2,20.9,13.8,4.3,20603.92,38988,,,,
Missouri,Worth County,2057,24,98.6,87.7,19.1,76.4,15,9.4,2.59,24036.44,48214,,,,
Missouri,Shelby County,6021,20.2,96,91,15.7,80,15.5,15.1,3.48,22812.18,42593,,,,
Pennsylvania,Venango County,51762,20.4,98.1,89.6,17.2,81.7,13.6,7.3,6.12,25342.37,46487,,,,
Alabama,Lauderdale County,92538,18.9,97,85.9,22.5,78.8,16.3,10.3,4.61,25827.78,44888,,,,
Texas,Williamson County,547545,11.2,79,93,40.2,94.9,7,10,3.22,32893.58,79123,,,,
Georgia,Glynn County,85282,18.2,91.8,88.1,29,84.8,19.2,15.5,4.74,28631.17,47546,,,,
Missouri,Carroll County,8796,20.4,97.7,85.8,17.1,78.1,18.4,11,4.16,24889.71,43583,,,,
Georgia,Clarke County,127064,9.9,84.4,86.7,41.3,87.7,34.1,14.7,4.76,21966.8,34557,,,,
Louisiana,Webster Parish,39378,18.4,98.6,81.3,15.5,65.9,24.9,13.6,6.87,18559.76,30891,,,,
New York,Tompkins County,104802,12.7,86.2,94.5,52.6,91.7,20.4,5,4.39,33084.12,56200,,,,
Missouri,Moniteau County,16063,15.5,90,83.8,17.5,78.6,11.9,14.9,3.59,22566.42,50897,,,,
Virginia,Petersburg city,31750,16.3,92.6,80.6,17.5,77,27.6,12.3,7.3,21049.15,33939,,,,
Indiana,Martin County,10215,17.8,98.4,83.5,11,77.9,13.3,9.1,3.01,25589.79,49372,,,,
Illinois,Mercer County,15618,20.6,98.5,92.2,18.7,84.4,11.4,3.3,5.02,28061.28,55649,,,,
Washington,Skagit County,125619,19.1,83.3,89.3,25.6,89.6,14.3,9.5,5.5,30078.26,59263,,,,
Mississippi,Wilkinson County,8804,15.9,99.8,69.8,14.9,66.6,38.7,18.6,8.71,12639.07,23340,,,,
Rhode Island,Providence County,637357,14.5,68.9,83.8,27.8,84.5,16.7,8.1,4.8,28647.45,52530,,,,
Oklahoma,Kingfisher County,15669,15.2,86.2,88.1,23.7,84,8.9,12.2,2.79,30932.22,62829,,,,
Georgia,Terrell County,8729,17.7,98.8,75.8,10.8,73.7,35.3,20.7,5.99,17130.04,32219,,,,
Georgia,Dougherty County,89502,14.2,96.4,82.7,20.7,79.8,30.5,18,6.12,20245.02,34541,,,,
Colorado,Custer County,4874,33.5,93.4,93.7,33.3,89.1,15.7,12,3.03,25844.19,41330,,,,
Colorado,Grand County,15321,15.7,90.2,95.4,38.4,90,13.1,17.7,2.24,30225.69,66489,,,,
Wisconsin,Barron County,45251,20.5,96.2,90.6,19.5,84.1,11.5,7.3,3.53,27213.73,49257,,,,
North Dakota,Billings County,940,18.3,95,89.8,23.1,75.8,10.3,4.7,2.97,46290.3,91518,,,,
Kansas,Anderson County,7833,21.2,98.1,90.8,18.6,77,13.6,10.2,3.96,21548.55,40986,,,,
Missouri,Iron County,10226,20.7,98.2,80.7,11.7,76.8,21.2,14.9,6.54,19484.02,36457,,,,
North Carolina,Columbus County,55936,18.5,94,80.6,12.5,71.2,23.6,15.1,5.58,22483.26,36261,,,,
Kansas,Lyon County,33392,13.8,82.2,89.1,27.1,87.3,18.6,10.8,3.8,25058.05,42992,,,,
New York,Nassau County,1369514,16.8,72,91,44.4,91.6,5.9,5.8,4.15,46363.91,105744,,,,
Texas,Travis County,1226698,8.9,68.4,88.8,47.5,93.1,13.9,14.7,2.99,37948.84,68350,,,,
Georgia,Treutlen County,6740,19.1,95.8,76.3,15.5,68.5,21,18.6,6.65,21203.35,39375,,,,
Missouri,Henry County,21718,20.6,97.5,87.9,15.9,81.8,21.2,11.9,4.19,24414.66,41089,,,,
Mississippi,Smith County,16078,17.8,99.5,80.2,11,71.6,18.2,12.3,4.71,20136.86,37697,,,,
Mississippi,Clarke County,15828,19,99.5,78.9,13.3,70.8,18.5,9.9,6.17,19696.43,37626,,,,
Montana,Mineral County,4255,26.8,99.3,86.4,15.2,78.8,20.1,11.9,7.56,21141.98,40117,,,,
North Carolina,Granville County,59557,15.7,92.2,83.6,21,83.9,14.3,9.5,3.87,24941.6,52089,,,,
Texas,Duval County,11273,18,43.6,67.7,8.7,64.9,25.2,25.5,7.66,17794.01,35443,,,,
Louisiana,St. Tammany Parish,256327,15.4,93.6,89.5,32.5,90.5,10.8,10.3,4.27,32604.07,66539,,,,
Alabama,Sumter County,12687,16.4,96.4,82.7,18.2,64.8,36,16.9,6.54,14308.71,21663,,,,
Georgia,Murray County,39782,13.4,87.2,67.6,9.6,83,18,18,6.21,18784.48,41617,,,,
Texas,San Patricio County,67215,14.1,62.6,78.2,14.3,86,15.2,19.3,7.61,24445.77,53332,,,,
Mississippi,Madison County,104618,12.1,94.4,90.9,46.5,88.3,12,7.9,3.85,36678.93,68600,,,,
Wisconsin,Waukesha County,400621,17,92.8,96,42.9,92,5,3.4,2.9,42279.12,81140,,,,
Tennessee,Greene County,68808,20.3,97.7,82.8,15,76.3,17.2,10.8,4.49,21548.77,38266,,,,
Massachusetts,Middlesex County,1602947,14.4,74,92.8,54.1,91.1,8.2,2.8,3.05,48173.93,92878,,,,
Virginia,Fluvanna County,26452,18,96.4,91.7,32.3,90.4,6.1,8,3.05,33196.46,67964,,,,
Kansas,Stafford County,4207,20.5,87.8,88.5,22.6,83.1,14.5,10.4,3.3,27138.86,47121,,,,
Maine,Penobscot County,151957,16.9,95.8,91.4,26.2,86.2,15.9,10.3,3.71,26669.36,47886,,,,
South Dakota,Hutchinson County,7358,23.2,93.8,87.1,23.7,77.5,13,7.1,3.14,30465.55,49583,,,,
Michigan,Barry County,60586,17.4,97.6,92,19.5,86.5,9.3,5.8,4.04,27444,57312,,,,
Georgia,Long County,19014,8.2,88.3,86.5,15.6,88.9,20,18,4.96,17925.61,53083,,,,
North Carolina,Henderson County,115708,24.7,90,89.5,31.2,85.3,11.8,12.4,3.86,27975,50454,,,,
Michigan,Crawford County,13907,24,98.3,88.4,17.6,83.8,16.4,6.9,7.03,23107.08,42666,,,,
Texas,Shackelford County,3328,18.1,94.5,85.1,27.4,74.8,17.7,15.3,2.99,23274.24,46685,,,,
Florida,Putnam County,73464,21.7,90.7,79.6,12.5,75.9,27.6,16.8,5.33,18009.06,33619,,,,
Colorado,Baca County,3562,25.2,91.5,85.5,21.4,81.1,19.5,11,1.64,23550.69,35898,,,,
Connecticut,Litchfield County,182177,19.2,89.7,92,35,89.1,6.8,5,4.31,40724.69,76438,,,,
Iowa,Howard County,9228,20.1,95.8,89.6,14.6,80.2,11.6,5.4,3.05,28083.33,51422,,,,
Texas,Sabine County,10461,29.9,96.8,86,14.4,81.5,20,21.6,8.56,18490.41,33561,,,,
Kentucky,Marion County,19395,15.7,97.2,81,13,73.9,18.4,8.2,4.09,21916.73,40005,,,,
Oklahoma,Sequoyah County,41252,17.6,95.9,81.5,13.8,79.2,24.6,20.7,5.51,18536.47,37455,,,,
North Carolina,Burke County,89293,18.8,92,80.5,16.7,76.3,19.3,13,4.28,21543.78,40854,,,,
Texas,Anderson County,57741,14.1,84.5,80.2,12.4,79.3,15.7,13.7,3.62,21402.24,42313,,,,
New Jersey,Somerset County,335432,14.4,69.6,94.3,53.1,93,4.8,6.4,3.8,50925.7,106046,,,,
Oklahoma,Carter County,48190,15.8,93.1,86.8,20.4,81.6,16.4,14.6,4.6,24596.54,47754,,,,
Colorado,Park County,17905,18.2,96.6,96.4,28.5,91.2,6.6,9.1,2.4,33579.74,61644,,,,
California,Sutter County,96648,14.6,62.1,78.7,17.5,87.2,16.7,11.8,8.6,24592.52,54347,,,,
California,Inyo County,18026,21.8,85,88.6,25.3,87.4,10.2,7.7,4.39,29925.11,51500,,,,
Texas,Schleicher County,3001,16.1,56.8,74.3,20.3,80.9,10.2,22.7,3.66,25486.93,63432,,,,
Oklahoma,Tulsa County,646266,13.3,86.2,89,30.9,88,15.5,14.7,4.29,29389.68,52017,,,,
Tennessee,Moore County,6384,21.1,98.2,87.3,19.5,76.1,7.7,10.7,3.1,32259.24,51671,,,,
Iowa,Pottawattamie County,93386,16.2,93.7,89.7,21.2,84.7,11.2,7,2.79,29063.01,56291,,,,
Georgia,Oconee County,38028,14.2,91.4,94.3,48.2,92.8,6.9,7.6,3.54,37854.61,77388,,,,
North Dakota,Kidder County,2482,19.9,92.9,90.3,19.2,78.1,6.9,13.6,3.54,34458.37,60225,,,,
Georgia,Quitman County,2358,32.1,96.4,70.3,8.3,62.4,22.8,18.5,5.93,17456.16,26750,,,,
Mississippi,Greene County,13345,12.5,98.8,75.9,8.7,76.2,15.1,15.6,7.5,23298.8,48029,,,,
Ohio,Mahoning County,229796,19.6,93.9,90.5,23.2,82.4,17.6,6.5,6.91,26101.31,43251,,,,
North Dakota,Stark County,30209,12.8,94.8,91.1,23.8,86.8,8.1,9.1,2.67,38659.76,77328,,,,
Alabama,Walker County,64058,18.3,98,80,11.1,77,21.5,11.6,5.02,20704.31,38872,,,,
Georgia,Twiggs County,8174,20.5,98.4,68.6,9.2,61.3,27.3,16.5,7.6,15825.36,30629,,,,
Kansas,Phillips County,5370,21.7,97.7,93.2,21.5,84.9,8.1,5.5,2.95,24496.09,46806,,,,
Colorado,Garfield County,59118,11.4,74.8,87.5,30.2,92.5,9.6,19.8,2.88,30997.79,66503,,,,
Alaska,Matanuska-Susitna Borough,106532,10.1,92.9,92.1,20.6,93.4,9.8,16.3,8.66,27306.48,74887,,,,
Virginia,Cumberland County,9811,20.4,97.7,81.5,16.7,78.1,21.8,13.5,4.23,23177.24,43020,,,,
Virginia,Fauquier County,69465,15.3,91.5,91.4,35.3,90.6,6.2,8.3,3.28,41969.37,94775,,,,
Colorado,Larimer County,343976,14.2,91,95.8,45.9,94.6,12.4,7.3,2.43,34727.24,64980,,,,
Mississippi,Monroe County,35872,18.4,98.4,79.9,16.5,70.9,19.2,11.2,5.19,20873.12,39444,,,,
Florida,Bay County,183563,16.3,93.1,89.1,22.4,88.6,15.4,15,4.09,25837.07,50283,,,,
Texas,Wheeler County,5358,18.2,79.7,79,14.6,85.8,19.2,21.3,4.07,26572.73,50910,,,,
Iowa,Linn County,224115,14.7,95,94.7,32.3,89.1,9.5,4.4,3.37,32764.88,62702,,,,
Ohio,Allen County,103198,16.3,97,89,17.7,84.5,15,7.9,5,24668.15,47905,,,,
Kansas,Norton County,5441,19.7,96,90.3,16.1,76.4,11.6,4.3,2.23,23825.1,50673,,,,
Oregon,Union County,26222,18.8,94.9,92.7,24,86.3,17.4,9.4,5.29,26828.81,46228,,,,
Iowa,Sioux County,34860,14.6,90.3,90,27.5,87.9,7.9,5.6,2.02,28811.99,66022,,,,
Minnesota,Olmsted County,154930,14.2,86.8,94.5,43.1,91.9,9.1,4.7,2.7,38326.1,72337,,,,
Maryland,Somerset County,25918,15.3,91.5,81.8,14.4,80.7,22.5,8.7,6.81,22666.95,39239,,,,
Oklahoma,Pushmataha County,11173,22.1,96.7,82.9,15.2,71.7,20.3,18.9,6.18,22548.76,35414,,,,
Tennessee,Bradley County,105560,16.1,92.7,84.2,21.8,81.8,18,12.4,3.66,25229.53,46381,,,,
Wisconsin,Calumet County,50067,13.6,94.4,93.6,28.6,90.7,5.9,3.7,2.77,32798.83,70662,,,,
Indiana,Allen County,372877,13.5,89.6,89.4,27.5,88.1,14.7,10.8,3.31,26675.2,51091,,,,
Tennessee,Hickman County,24864,16.1,97.9,78.7,11,67.6,19.7,11.3,3.4,21685.6,39333,,,,
Mississippi,Pike County,39468,15.9,96.6,80.7,15.9,70.4,32.3,14.2,5.98,16842.86,30949,,,,
Michigan,Charlevoix County,26139,22.2,97,93.6,30.3,88,11.6,7.3,5.7,31796.52,51567,,,,
Kansas,Coffey County,8224,19.9,98.9,92.6,20.9,86.1,11.3,9.2,5.26,32263.16,58662,,,,
Kansas,Hamilton County,2640,12.1,69.9,82.5,17.8,84.8,9.3,23.5,2.36,19273.6,48160,,,,
Missouri,Lincoln County,56183,12.6,98.2,87.9,15.7,87.3,13.2,8.8,3.59,23046.37,58603,,,,
Minnesota,Benton County,39937,13.2,95.9,92.2,22.1,88.2,14.1,5.1,4.01,27561.25,53574,,,,
Wisconsin,Outagamie County,186059,13.5,93.3,93.8,28.3,89.2,8.6,5.2,3,30814.86,61523,,,,
Kentucky,Taylor County,25472,17.1,97.6,84.2,18.8,77.1,23.1,9.4,4.68,19659.76,36455,,,,
South Dakota,Bennett County,3454,11.8,91.3,79.5,17.3,75.8,38.1,20.6,4.46,14310.96,45725,,,,
North Dakota,Wells County,4022,27.4,98.2,86.5,22.9,78.7,5.8,3.7,3.21,35474.13,54464,,,,
Pennsylvania,Erie County,274541,16.3,93.3,90.9,27.4,85.1,16.8,6.3,5.78,27020,48192,,,,
Alabama,Covington County,37092,20.3,98.6,82,15.5,74.1,17.6,11.8,5.24,22146.06,39467,,,,
Louisiana,Concordia Parish,19866,16.1,98,76.4,11.4,64.8,31.2,24.1,7.88,19637.3,30028,,,,
Hawaii,Kauai County,72159,18,78.9,91.8,28.2,87.3,9.1,5.7,2.38,28130.13,72330,,,,
Mississippi,Tippah County,21969,15.9,96,77.6,14.5,76.1,22.8,11.3,4.48,19336.36,39351,,,,
North Carolina,Yadkin County,37774,18.7,91.5,79.3,12,76.5,17.3,13.2,4.02,22775.21,41126,,,,
Utah,Grand County,9674,16.5,93.6,91.1,27.8,91.9,12.7,20.5,5.33,24700.41,46658,,,,
Ohio,Clermont County,204214,14.6,97,89.9,28.3,89.5,9.8,5.9,4.38,31423.95,64183,,,,
Texas,Parker County,133463,14.8,91.4,89.4,26.9,91.2,9.2,13.6,3.45,32868.09,70608,,,,
Texas,Trinity County,14667,26.1,92.3,83.5,11.7,77,18.4,19.8,5.52,19826.86,37398,,,,
Texas,Sherman County,3067,14,64.9,73.2,21.4,85.2,14.8,23.3,3.1,24821.75,54961,,,,
Virginia,James City County,75524,23.6,92.7,94.3,47.9,91.6,7.5,7.6,3.6,41304.35,80772,,,,
Pennsylvania,Delaware County,564696,15.4,88.3,92.7,37.7,88.8,10.4,6.2,4.53,36940.53,69839,,,,
Kentucky,Crittenden County,9084,19.6,92.5,81.9,13.3,73.3,17.7,12.7,5.32,23035.27,41114,,,,
Georgia,Macon County,13314,15.3,91.1,72.8,8.6,70.1,28.6,20.6,6.99,16446.27,30851,,,,
Kentucky,Simpson County,18108,15.6,97.2,84.8,15.1,74.2,17.4,9.3,4.55,22533.86,44989,,,,
Texas,Frio County,19600,12.3,40,65,7.2,68.6,20.3,23.8,3.85,16306.53,37382,,,,
California,Lassen County,31163,12.7,82.5,82.3,12.4,82.4,14.6,7,5.58,29714.91,54083,,,,
Missouri,Christian County,85432,14.5,97,91.7,27.9,90.7,10.4,9.8,3.08,26178.73,55761,,,,
New Mexico,Cibola County,26853,14.7,57.8,80.7,12.4,73.5,28.5,14.7,7.85,17216.97,36089,,,,
California,San Mateo County,771410,15.1,53.8,88.9,48.5,93.7,7.3,5.8,2.68,52591.32,105667,,,,
West Virginia,Summers County,12993,22.5,98.6,83.2,14.5,72.8,19,5.8,5.6,20543.24,35218,,,,
South Dakota,Mellette County,2088,15.2,89.3,81.7,15.2,59.6,42.6,33,5.01,13855.89,31165,,,,
Texas,Starr County,64454,11.1,3.6,48.8,9.7,74.4,35,33.7,11.67,11455.84,27133,,,,
Alaska,Prince of Wales-Hyder Census Area,6443,13.8,94.3,90,16.8,86.1,16,27.9,11.42,23990.18,52114,,,,
Virginia,Essex County,11028,20.6,97,82.6,18.9,73.7,12.3,10.1,5.01,25550.82,50629,,,,
Nebraska,Colfax County,10585,12.5,57,71.2,14.4,78,8.2,12.3,2.4,23154.55,54876,,,,
Texas,Baylor County,3581,23.9,95.8,87.8,24.8,82.9,13.1,15,3.44,31298.6,36157,,,,
Texas,Coryell County,74913,9.2,85.7,88.2,15.4,89.8,13.3,11.1,4.28,23378.47,50865,,,,
Arkansas,Dallas County,7393,20.6,96.2,83.1,14.1,72.4,13.2,10.7,4.51,19361.09,35794,,,,
Alabama,Colbert County,54500,18.9,97.3,83.9,18.8,80.3,16.8,8.6,5.21,22915.45,45477,,,,
Nebraska,Thayer County,5045,25.5,97.5,92,20.7,81.4,10.9,5.5,2.25,32026.29,48151,,,,
New York,Madison County,70965,16.3,95.7,91.1,27,85.4,11.1,4.9,5.58,28784.19,58365,,,,
Kentucky,Letcher County,22339,17.3,98.7,75,11.7,76.1,30.5,8,9.17,18323.01,30293,,,,
Kansas,Jackson County,13318,17.8,97.5,95,19.9,82,9.9,5.9,3.13,26204.82,53592,,,,
Tennessee,Williamson County,226257,12,91.8,95.5,58.1,94.8,4.6,5.3,2.67,47732.53,103543,,,,
Georgia,Dade County,16285,17.7,97.2,79.1,13.9,82.7,17.5,15.3,4.4,24217.89,43163,,,,
Illinois,Stephenson County,45054,20.8,96.8,91.4,18.7,82.9,16.1,5.8,4.61,25919.13,46427,,,,
Idaho,Butte County,2602,20,99.5,92.1,15.5,84.9,16.2,13.2,3.04,25502.45,43207,,,,
Georgia,Madison County,29302,16,93.2,82.3,16.7,76.9,17.6,14.6,4.28,22479.48,47653,,,,
Alaska,Anchorage Municipality,294356,9.4,82.8,93.4,34.6,94.6,8.1,13.2,5.97,38324.82,82271,,,,
Mississippi,Issaquena County,1339,17.3,99.2,65.6,6.1,58.8,40.3,13.8,11.62,19968.07,25609,,,,
Texas,Gonzales County,20893,15.9,62.8,73.2,13.2,76.6,17.2,21.3,3.48,22585.76,47516,,,,
Pennsylvania,Allegheny County,1223048,17.7,92.7,94.1,40,86.1,12.5,5.2,4.76,35661.43,56333,,,,
Georgia,Candler County,10797,16.7,90.6,75.7,14.4,70.4,31.5,19.3,4.16,18237.79,33125,,,,
Kentucky,Christian County,70416,11.4,92.1,85.6,16.8,80.6,19.7,10.8,6.09,21066.28,41849,,,,
North Carolina,Brunswick County,130897,28.1,94.8,89.1,28,89.2,14.1,12.5,5.66,29150.66,51164,,,,
Texas,Sterling County,1295,16,71.8,85.9,21.4,85.1,17,27,3.79,25123.53,50000,,,,
Texas,Lynn County,5859,16.8,69.8,76.9,17,80.4,18,20.7,3.75,25238.81,44922,,,,
Texas,Hardin County,57139,15.8,95.2,87.6,16.8,85.9,12,15.1,6.12,29223.88,56131,,,,
California,Solano County,445458,14.2,70.3,87.6,25.6,91.6,11.5,7.4,4.75,31587.5,72950,,,,
Idaho,Clark County,873,10.7,60.5,70.7,17,72.8,24.2,28.8,2.73,13548.64,31927,,,,
Wisconsin,La Crosse County,118274,14.9,92.9,94.2,33,88.7,14.4,5.5,2.92,30491.63,54127,,,,
Tennessee,Marshall County,32931,15.3,95.8,85.3,13.4,82.2,13.5,10.3,3.33,23315.71,46837,,,,
Nebraska,Keya Paha County,793,24.9,97.5,92.9,20.6,85,7.7,8.2,2.48,28538.89,48864,,,,
Alabama,Chambers County,33713,18.6,98.6,80.9,13.3,72.7,18.8,12.2,4.08,21079.51,37342,,,,
Virginia,Emporia city,5282,16.8,93.8,76.5,15.3,72.2,30.9,21.3,5.49,18567.34,27426,,,,
Virginia,Mecklenburg County,30686,24.2,97.9,81.6,18.2,69.6,16.9,12,5.25,21792.91,41126,,,,
California,Butte County,229294,17.3,85.7,88.8,26.6,89.2,20.5,8.4,5.74,26083.07,46516,,,,
Iowa,Lyon County,11792,17.4,97.5,90.6,21.7,88.3,4.9,4.4,1.76,28828.29,62012,,,,
Texas,Johnson County,167301,13.5,84.2,84.1,18.5,90,11,17.4,3.77,26449.82,60458,,,,
North Carolina,Wilkes County,68576,20,93.8,78.3,15.4,77.9,20.9,12.3,4.3,21595.9,37173,,,,
Ohio,Knox County,61261,16.7,95.5,90.9,22.7,82.8,13.8,10.1,4.51,25351.82,51211,,,,
Texas,Navarro County,48701,16.4,76.6,77.2,15.6,82.7,18.8,19,3.93,22200.37,45103,,,,
Ohio,Scioto County,75929,17.1,98.7,84,15.2,76.7,23.9,7.5,7.1,22918.52,38978,,,,
Oregon,Crook County,23123,24.2,93.4,87.9,17.9,87.1,15.3,8.4,6.26,24528.57,41777,,,,
Kentucky,Larue County,14205,16.9,96.6,83.3,12.2,85.1,15.8,7.7,4.79,21186.96,41720,,,,
West Virginia,Wirt County,5794,18.3,99.2,84.8,7.5,80,21.2,9.6,7.88,19833.05,38936,,,,
Missouri,Douglas County,13300,22.8,98.7,80.4,9.4,72.7,20.6,15.3,4.73,17574.22,33003,,,,
Idaho,Boise County,7290,23.3,96.7,93.5,29.2,88.1,11.3,10.5,4.78,29354.35,49964,,,,
Kentucky,Kenton County,165399,13.1,96,89.6,29.7,88.5,12.9,7.1,4,29634.24,58674,,,,
Ohio,Greene County,166752,15.9,93.6,92.8,38.8,90,12.3,5.6,4.27,34229.46,65032,,,,
Iowa,Union County,12450,19.3,95.1,91.3,16.1,81.8,13.8,7.6,3.14,25576.96,47597,,,,
Georgia,Chattahoochee County,10343,3.7,85.8,92.7,33,85.2,15,9.1,7.33,20921.31,46096,,,,
Missouri,Scotland County,4963,18.6,91.8,79.4,12.6,81,16.7,31.2,3.2,24185.94,42939,,,,
Iowa,Sac County,9817,22.4,97.6,92.1,19.8,83.6,9.4,5.7,2.84,29948.88,53254,,,,
Minnesota,Houston County,18660,20,98,94.2,23.2,85.3,8.9,4.4,3.38,30579.3,56837,,,,
California,Sierra County,2999,26.4,91.8,92.9,21.4,75.8,12.3,9.4,6.53,29844.92,44190,,,,
North Carolina,Richmond County,44798,16.7,93.6,80.2,14.3,74.2,26.1,14.1,6.13,19800.83,33607,,,,
Georgia,Pickens County,31588,20.6,96.6,83.7,24.9,85.5,9.8,12.3,4.29,28967.05,61542,,,,
Texas,Mills County,4921,27.5,85.8,82.9,23,80.1,14.9,16.8,3.5,23056.42,46318,,,,
Colorado,Weld County,304633,11.4,80.5,87.7,27,90.7,11.2,9,2.67,29162.5,66489,,,,
Kansas,Smith County,3668,26.9,99.1,93.2,20.1,79.5,13.3,7.6,2.79,28335.78,45357,,,,
Texas,Dimmit County,10418,14.7,35.3,64.3,10.1,67.4,30.2,27.7,5.09,16442.86,31384,,,,
Missouri,Jackson County,698895,14,90.6,89.9,30.2,85.5,15.9,12.6,4.36,28504.96,50652,,,,
North Carolina,Forsyth County,376320,14.8,85.4,88.5,33.8,86.7,18.7,11.6,4.43,28725.51,48369,,,,
California,Modoc County,8859,24.6,85.8,85.5,16.6,75.4,18.1,16,8.05,21661.54,39296,,,,
Mississippi,Alcorn County,37210,17.5,97.1,80.8,15.9,76.7,19.6,15.5,4.4,20478,38919,,,,
West Virginia,McDowell County,18456,19.1,98.2,65.3,4.9,68.7,34.9,11.7,8.47,15360.26,25595,,,,
South Dakota,Moody County,6579,17.5,89,89.9,23.9,84.6,15.9,10.6,3.74,30491.74,56233,,,,
Florida,Indian River County,154383,30.8,86.4,88.4,27.8,85.6,12.7,13.7,4.98,31107.11,49009,,,,
Mississippi,Tishomingo County,19542,19.9,97.9,79.1,11.5,77,18.6,14.5,5,19115.42,36672,,,,
Iowa,Adams County,3686,22.3,99.2,93.8,17.3,79.3,11.2,5.8,2.39,27744.09,49745,,,,
Ohio,Brown County,43576,17.1,98.4,86.2,12.8,82.3,17.8,8.3,5.71,24763.05,49188,,,,
Louisiana,Orleans Parish,393292,12.9,91.3,85.9,36.5,79.1,25.4,12.4,5.13,27778.51,38721,,,,
Kentucky,Mason County,17174,17,96.5,85.9,18.5,75.8,18,9.1,6.09,25232.27,43082,,,,
Oklahoma,Grady County,54943,15.2,96.1,88.4,18.9,84,12.4,12.5,4.07,26348.16,55527,,,,
Texas,Edwards County,1953,28.5,55.8,75,20.6,57.4,7,15.4,3.21,17708.16,48462,,,,
Illinois,Madison County,265428,16.1,96.7,92.3,26.2,86,13.5,5.5,4.64,30282.72,56536,,,,
Montana,Big Horn County,13360,11.5,70.6,88.1,17.6,73.3,26.8,39.3,13.43,16970.06,47276,,,,
New Mexico,Colfax County,12174,24.8,77.6,88.6,20.5,74.9,23.5,9.6,6.04,21533.02,33042,,,,
Missouri,DeKalb County,12588,16,98.5,87.1,14.5,77.1,12.5,7.5,3.82,25477.35,46517,,,,
Tennessee,Roane County,53036,21.8,97.8,86.7,19.3,79.6,15.4,9.4,4.36,25094.21,45407,,,,
Kentucky,Elliott County,7523,17.7,97.3,76.5,7.5,67.1,34.4,7.2,10.19,16364.02,29043,,,,
Indiana,Whitley County,33756,16.8,97.8,91.1,19.5,88,9.5,7.6,2.92,28396.73,57041,,,,
Nebraska,Dakota County,20186,13,60.1,73.5,12.6,87,16.8,15.6,4.07,23161.54,52401,,,,
Kentucky,Warren County,128845,12.2,88.3,88.2,30.4,87.5,18,7.5,4.05,26828.29,49508,,,,
Virginia,Norfolk city,244703,10.3,89.2,87.5,27.3,88.2,21,13.8,4.65,25911.51,47137,,,,
Missouri,Randolph County,24945,15.7,97.3,85.9,14.6,80.2,16.5,10.4,4.6,20575,44754,,,,
Georgia,Chatham County,290501,14,90,89.3,33.2,89,17.3,15.5,4.5,28621.26,52215,,,,
Missouri,Ray County,22855,17.2,98.1,88.2,14.4,84.5,15.6,9.3,4.76,26180.38,57270,,,,
Kentucky,Campbell County,92488,14.4,96.1,90.5,31.9,87.7,14.2,6.3,3.8,31391.87,57208,,,,
West Virginia,Fayette County,43521,19,98,82.2,14.7,78.1,20,9.5,6.39,20818.18,39297,,,,